archetype,delta,detector,alpha,n_finite,flag_rate
scale_shift,0.5,z1,0.05,500,0.064
scale_shift,0.5,z1,0.01,500,0.064
scale_shift,0.5,z1,0.001,500,0.064
scale_shift,0.5,z2,0.05,500,0.242
scale_shift,0.5,z2,0.01,500,0.164
scale_shift,0.5,z2,0.001,500,0.114
scale_shift,0.5,z3,0.05,500,0.118
scale_shift,0.5,z3,0.01,500,0.03
scale_shift,0.5,z3,0.001,500,0.002
scale_shift,0.5,z4,0.05,500,0.092
scale_shift,0.5,z4,0.01,500,0.02
scale_shift,0.5,z4,0.001,500,0.0
scale_shift,0.5,z6,0.05,500,0.384
scale_shift,0.5,z6,0.01,500,0.306
scale_shift,0.5,z6,0.001,500,0.232
scale_shift,0.5,z8,0.05,500,0.044
scale_shift,0.5,z8,0.01,500,0.006
scale_shift,0.5,z8,0.001,500,0.002
scale_shift,0.5,z57,0.05,500,0.114
scale_shift,0.5,z57,0.01,500,0.034
scale_shift,0.5,z57,0.001,500,0.006
scale_shift,1.0,z1,0.05,500,0.058
scale_shift,1.0,z1,0.01,500,0.058
scale_shift,1.0,z1,0.001,500,0.058
scale_shift,1.0,z2,0.05,500,0.232
scale_shift,1.0,z2,0.01,500,0.162
scale_shift,1.0,z2,0.001,500,0.102
scale_shift,1.0,z3,0.05,500,0.22
scale_shift,1.0,z3,0.01,500,0.082
scale_shift,1.0,z3,0.001,500,0.014
scale_shift,1.0,z4,0.05,500,0.2
scale_shift,1.0,z4,0.01,500,0.082
scale_shift,1.0,z4,0.001,500,0.016
scale_shift,1.0,z6,0.05,500,0.496
scale_shift,1.0,z6,0.01,500,0.364
scale_shift,1.0,z6,0.001,500,0.27
scale_shift,1.0,z8,0.05,500,0.04
scale_shift,1.0,z8,0.01,500,0.002
scale_shift,1.0,z8,0.001,500,0.0
scale_shift,1.0,z57,0.05,500,0.232
scale_shift,1.0,z57,0.01,500,0.094
scale_shift,1.0,z57,0.001,500,0.018
scale_shift,1.5,z1,0.05,500,0.094
scale_shift,1.5,z1,0.01,500,0.094
scale_shift,1.5,z1,0.001,500,0.094
scale_shift,1.5,z2,0.05,500,0.222
scale_shift,1.5,z2,0.01,500,0.146
scale_shift,1.5,z2,0.001,500,0.088
scale_shift,1.5,z3,0.05,500,0.438
scale_shift,1.5,z3,0.01,500,0.182
scale_shift,1.5,z3,0.001,500,0.052
scale_shift,1.5,z4,0.05,500,0.336
scale_shift,1.5,z4,0.01,500,0.14
scale_shift,1.5,z4,0.001,500,0.036
scale_shift,1.5,z6,0.05,500,0.624
scale_shift,1.5,z6,0.01,500,0.462
scale_shift,1.5,z6,0.001,500,0.31
scale_shift,1.5,z8,0.05,500,0.036
scale_shift,1.5,z8,0.01,500,0.008
scale_shift,1.5,z8,0.001,500,0.002
scale_shift,1.5,z57,0.05,500,0.466
scale_shift,1.5,z57,0.01,500,0.202
scale_shift,1.5,z57,0.001,500,0.052
scale_shift,2.0,z1,0.05,500,0.096
scale_shift,2.0,z1,0.01,500,0.096
scale_shift,2.0,z1,0.001,500,0.096
scale_shift,2.0,z2,0.05,500,0.256
scale_shift,2.0,z2,0.01,500,0.156
scale_shift,2.0,z2,0.001,500,0.104
scale_shift,2.0,z3,0.05,500,0.594
scale_shift,2.0,z3,0.01,500,0.316
scale_shift,2.0,z3,0.001,500,0.142
scale_shift,2.0,z4,0.05,500,0.54
scale_shift,2.0,z4,0.01,500,0.306
scale_shift,2.0,z4,0.001,500,0.14
scale_shift,2.0,z6,0.05,500,0.762
scale_shift,2.0,z6,0.01,500,0.598
scale_shift,2.0,z6,0.001,500,0.436
scale_shift,2.0,z8,0.05,500,0.058
scale_shift,2.0,z8,0.01,500,0.018
scale_shift,2.0,z8,0.001,500,0.0
scale_shift,2.0,z57,0.05,500,0.638
scale_shift,2.0,z57,0.01,500,0.356
scale_shift,2.0,z57,0.001,500,0.132
scale_shift,3.0,z1,0.05,500,0.088
scale_shift,3.0,z1,0.01,500,0.088
scale_shift,3.0,z1,0.001,500,0.088
scale_shift,3.0,z2,0.05,500,0.216
scale_shift,3.0,z2,0.01,500,0.14
scale_shift,3.0,z2,0.001,500,0.082
scale_shift,3.0,z3,0.05,500,0.946
scale_shift,3.0,z3,0.01,500,0.804
scale_shift,3.0,z3,0.001,500,0.464
scale_shift,3.0,z4,0.05,500,0.884
scale_shift,3.0,z4,0.01,500,0.642
scale_shift,3.0,z4,0.001,500,0.376
scale_shift,3.0,z6,0.05,500,0.912
scale_shift,3.0,z6,0.01,500,0.794
scale_shift,3.0,z6,0.001,500,0.618
scale_shift,3.0,z8,0.05,500,0.046
scale_shift,3.0,z8,0.01,500,0.014
scale_shift,3.0,z8,0.001,500,0.002
scale_shift,3.0,z57,0.05,500,0.956
scale_shift,3.0,z57,0.01,500,0.788
scale_shift,3.0,z57,0.001,500,0.474
threshold_clustering,0.5,z1,0.05,500,0.058
threshold_clustering,0.5,z1,0.01,500,0.058
threshold_clustering,0.5,z1,0.001,500,0.058
threshold_clustering,0.5,z2,0.05,500,0.218
threshold_clustering,0.5,z2,0.01,500,0.136
threshold_clustering,0.5,z2,0.001,500,0.094
threshold_clustering,0.5,z3,0.05,500,0.054
threshold_clustering,0.5,z3,0.01,500,0.006
threshold_clustering,0.5,z3,0.001,500,0.0
threshold_clustering,0.5,z4,0.05,500,0.096
threshold_clustering,0.5,z4,0.01,500,0.016
threshold_clustering,0.5,z4,0.001,500,0.002
threshold_clustering,0.5,z6,0.05,500,0.298
threshold_clustering,0.5,z6,0.01,500,0.23
threshold_clustering,0.5,z6,0.001,500,0.152
threshold_clustering,0.5,z8,0.05,500,0.064
threshold_clustering,0.5,z8,0.01,500,0.004
threshold_clustering,0.5,z8,0.001,500,0.0
threshold_clustering,0.5,z57,0.05,500,0.134
threshold_clustering,0.5,z57,0.01,500,0.03
threshold_clustering,0.5,z57,0.001,500,0.004
threshold_clustering,1.0,z1,0.05,500,0.082
threshold_clustering,1.0,z1,0.01,500,0.082
threshold_clustering,1.0,z1,0.001,500,0.082
threshold_clustering,1.0,z2,0.05,500,0.234
threshold_clustering,1.0,z2,0.01,500,0.154
threshold_clustering,1.0,z2,0.001,500,0.106
threshold_clustering,1.0,z3,0.05,500,0.05
threshold_clustering,1.0,z3,0.01,500,0.014
threshold_clustering,1.0,z3,0.001,500,0.0
threshold_clustering,1.0,z4,0.05,500,0.202
threshold_clustering,1.0,z4,0.01,500,0.08
threshold_clustering,1.0,z4,0.001,500,0.012
threshold_clustering,1.0,z6,0.05,500,0.36
threshold_clustering,1.0,z6,0.01,500,0.268
threshold_clustering,1.0,z6,0.001,500,0.218
threshold_clustering,1.0,z8,0.05,500,0.052
threshold_clustering,1.0,z8,0.01,500,0.008
threshold_clustering,1.0,z8,0.001,500,0.0
threshold_clustering,1.0,z57,0.05,500,0.228
threshold_clustering,1.0,z57,0.01,500,0.092
threshold_clustering,1.0,z57,0.001,500,0.01
threshold_clustering,1.5,z1,0.05,500,0.066
threshold_clustering,1.5,z1,0.01,500,0.066
threshold_clustering,1.5,z1,0.001,500,0.066
threshold_clustering,1.5,z2,0.05,500,0.244
threshold_clustering,1.5,z2,0.01,500,0.152
threshold_clustering,1.5,z2,0.001,500,0.08
threshold_clustering,1.5,z3,0.05,500,0.046
threshold_clustering,1.5,z3,0.01,500,0.008
threshold_clustering,1.5,z3,0.001,500,0.004
threshold_clustering,1.5,z4,0.05,500,0.336
threshold_clustering,1.5,z4,0.01,500,0.136
threshold_clustering,1.5,z4,0.001,500,0.046
threshold_clustering,1.5,z6,0.05,500,0.366
threshold_clustering,1.5,z6,0.01,500,0.286
threshold_clustering,1.5,z6,0.001,500,0.224
threshold_clustering,1.5,z8,0.05,500,0.038
threshold_clustering,1.5,z8,0.01,500,0.008
threshold_clustering,1.5,z8,0.001,500,0.0
threshold_clustering,1.5,z57,0.05,500,0.428
threshold_clustering,1.5,z57,0.01,500,0.196
threshold_clustering,1.5,z57,0.001,500,0.042
threshold_clustering,2.0,z1,0.05,500,0.084
threshold_clustering,2.0,z1,0.01,500,0.084
threshold_clustering,2.0,z1,0.001,500,0.084
threshold_clustering,2.0,z2,0.05,500,0.256
threshold_clustering,2.0,z2,0.01,500,0.17
threshold_clustering,2.0,z2,0.001,500,0.112
threshold_clustering,2.0,z3,0.05,500,0.044
threshold_clustering,2.0,z3,0.01,500,0.004
threshold_clustering,2.0,z3,0.001,500,0.0
threshold_clustering,2.0,z4,0.05,500,0.516
threshold_clustering,2.0,z4,0.01,500,0.27
threshold_clustering,2.0,z4,0.001,500,0.09
threshold_clustering,2.0,z6,0.05,500,0.314
threshold_clustering,2.0,z6,0.01,500,0.234
threshold_clustering,2.0,z6,0.001,500,0.178
threshold_clustering,2.0,z8,0.05,500,0.04
threshold_clustering,2.0,z8,0.01,500,0.016
threshold_clustering,2.0,z8,0.001,500,0.0
threshold_clustering,2.0,z57,0.05,500,0.648
threshold_clustering,2.0,z57,0.01,500,0.354
threshold_clustering,2.0,z57,0.001,500,0.124
threshold_clustering,3.0,z1,0.05,500,0.084
threshold_clustering,3.0,z1,0.01,500,0.084
threshold_clustering,3.0,z1,0.001,500,0.084
threshold_clustering,3.0,z2,0.05,500,0.234
threshold_clustering,3.0,z2,0.01,500,0.156
threshold_clustering,3.0,z2,0.001,500,0.102
threshold_clustering,3.0,z3,0.05,500,0.04
threshold_clustering,3.0,z3,0.01,500,0.006
threshold_clustering,3.0,z3,0.001,500,0.0
threshold_clustering,3.0,z4,0.05,500,0.842
threshold_clustering,3.0,z4,0.01,500,0.644
threshold_clustering,3.0,z4,0.001,500,0.4
threshold_clustering,3.0,z6,0.05,500,0.33
threshold_clustering,3.0,z6,0.01,500,0.274
threshold_clustering,3.0,z6,0.001,500,0.216
threshold_clustering,3.0,z8,0.05,500,0.05
threshold_clustering,3.0,z8,0.01,500,0.008
threshold_clustering,3.0,z8,0.001,500,0.002
threshold_clustering,3.0,z57,0.05,500,0.912
threshold_clustering,3.0,z57,0.01,500,0.754
threshold_clustering,3.0,z57,0.001,500,0.486
round_number,0.5,z1,0.05,500,0.094
round_number,0.5,z1,0.01,500,0.046
round_number,0.5,z1,0.001,500,0.046
round_number,0.5,z2,0.05,500,0.316
round_number,0.5,z2,0.01,500,0.236
round_number,0.5,z2,0.001,500,0.152
round_number,0.5,z3,0.05,500,0.056
round_number,0.5,z3,0.01,500,0.004
round_number,0.5,z3,0.001,500,0.002
round_number,0.5,z4,0.05,500,0.026
round_number,0.5,z4,0.01,500,0.002
round_number,0.5,z4,0.001,500,0.0
round_number,0.5,z6,0.05,500,0.322
round_number,0.5,z6,0.01,500,0.228
round_number,0.5,z6,0.001,500,0.158
round_number,0.5,z8,0.05,500,0.056
round_number,0.5,z8,0.01,500,0.01
round_number,0.5,z8,0.001,500,0.0
round_number,0.5,z57,0.05,500,0.038
round_number,0.5,z57,0.01,500,0.01
round_number,0.5,z57,0.001,500,0.008
round_number,1.0,z1,0.05,500,0.256
round_number,1.0,z1,0.01,500,0.084
round_number,1.0,z1,0.001,500,0.076
round_number,1.0,z2,0.05,500,0.376
round_number,1.0,z2,0.01,500,0.264
round_number,1.0,z2,0.001,500,0.19
round_number,1.0,z3,0.05,500,0.052
round_number,1.0,z3,0.01,500,0.004
round_number,1.0,z3,0.001,500,0.002
round_number,1.0,z4,0.05,500,0.036
round_number,1.0,z4,0.01,500,0.0
round_number,1.0,z4,0.001,500,0.0
round_number,1.0,z6,0.05,500,0.346
round_number,1.0,z6,0.01,500,0.272
round_number,1.0,z6,0.001,500,0.222
round_number,1.0,z8,0.05,500,0.048
round_number,1.0,z8,0.01,500,0.014
round_number,1.0,z8,0.001,500,0.002
round_number,1.0,z57,0.05,500,0.046
round_number,1.0,z57,0.01,500,0.01
round_number,1.0,z57,0.001,500,0.008
round_number,1.5,z1,0.05,500,0.4
round_number,1.5,z1,0.01,500,0.206
round_number,1.5,z1,0.001,500,0.062
round_number,1.5,z2,0.05,500,0.454
round_number,1.5,z2,0.01,500,0.332
round_number,1.5,z2,0.001,500,0.208
round_number,1.5,z3,0.05,500,0.046
round_number,1.5,z3,0.01,500,0.004
round_number,1.5,z3,0.001,500,0.0
round_number,1.5,z4,0.05,500,0.038
round_number,1.5,z4,0.01,500,0.004
round_number,1.5,z4,0.001,500,0.0
round_number,1.5,z6,0.05,500,0.298
round_number,1.5,z6,0.01,500,0.22
round_number,1.5,z6,0.001,500,0.18
round_number,1.5,z8,0.05,500,0.062
round_number,1.5,z8,0.01,500,0.01
round_number,1.5,z8,0.001,500,0.004
round_number,1.5,z57,0.05,500,0.05
round_number,1.5,z57,0.01,500,0.004
round_number,1.5,z57,0.001,500,0.002
round_number,2.0,z1,0.05,500,0.632
round_number,2.0,z1,0.01,500,0.374
round_number,2.0,z1,0.001,500,0.124
round_number,2.0,z2,0.05,500,0.608
round_number,2.0,z2,0.01,500,0.496
round_number,2.0,z2,0.001,500,0.334
round_number,2.0,z3,0.05,500,0.042
round_number,2.0,z3,0.01,500,0.006
round_number,2.0,z3,0.001,500,0.0
round_number,2.0,z4,0.05,500,0.036
round_number,2.0,z4,0.01,500,0.002
round_number,2.0,z4,0.001,500,0.0
round_number,2.0,z6,0.05,500,0.318
round_number,2.0,z6,0.01,500,0.252
round_number,2.0,z6,0.001,500,0.194
round_number,2.0,z8,0.05,500,0.068
round_number,2.0,z8,0.01,500,0.01
round_number,2.0,z8,0.001,500,0.0
round_number,2.0,z57,0.05,500,0.058
round_number,2.0,z57,0.01,500,0.016
round_number,2.0,z57,0.001,500,0.014
round_number,3.0,z1,0.05,500,0.91
round_number,3.0,z1,0.01,500,0.726
round_number,3.0,z1,0.001,500,0.45
round_number,3.0,z2,0.05,500,0.768
round_number,3.0,z2,0.01,500,0.636
round_number,3.0,z2,0.001,500,0.492
round_number,3.0,z3,0.05,500,0.034
round_number,3.0,z3,0.01,500,0.006
round_number,3.0,z3,0.001,500,0.002
round_number,3.0,z4,0.05,500,0.03
round_number,3.0,z4,0.01,500,0.002
round_number,3.0,z4,0.001,500,0.0
round_number,3.0,z6,0.05,500,0.326
round_number,3.0,z6,0.01,500,0.218
round_number,3.0,z6,0.001,500,0.166
round_number,3.0,z8,0.05,500,0.062
round_number,3.0,z8,0.01,500,0.012
round_number,3.0,z8,0.001,500,0.0
round_number,3.0,z57,0.05,500,0.036
round_number,3.0,z57,0.01,500,0.008
round_number,3.0,z57,0.001,500,0.006
temporal_smoothing,0.5,z1,0.05,500,0.052
temporal_smoothing,0.5,z1,0.01,500,0.052
temporal_smoothing,0.5,z1,0.001,500,0.052
temporal_smoothing,0.5,z2,0.05,500,0.244
temporal_smoothing,0.5,z2,0.01,500,0.154
temporal_smoothing,0.5,z2,0.001,500,0.102
temporal_smoothing,0.5,z3,0.05,500,0.042
temporal_smoothing,0.5,z3,0.01,500,0.004
temporal_smoothing,0.5,z3,0.001,500,0.002
temporal_smoothing,0.5,z4,0.05,500,0.05
temporal_smoothing,0.5,z4,0.01,500,0.01
temporal_smoothing,0.5,z4,0.001,500,0.0
temporal_smoothing,0.5,z6,0.05,500,0.388
temporal_smoothing,0.5,z6,0.01,500,0.264
temporal_smoothing,0.5,z6,0.001,500,0.206
temporal_smoothing,0.5,z8,0.05,500,0.048
temporal_smoothing,0.5,z8,0.01,500,0.008
temporal_smoothing,0.5,z8,0.001,500,0.0
temporal_smoothing,0.5,z57,0.05,500,0.052
temporal_smoothing,0.5,z57,0.01,500,0.014
temporal_smoothing,0.5,z57,0.001,500,0.012
temporal_smoothing,1.0,z1,0.05,500,0.076
temporal_smoothing,1.0,z1,0.01,500,0.076
temporal_smoothing,1.0,z1,0.001,500,0.076
temporal_smoothing,1.0,z2,0.05,500,0.236
temporal_smoothing,1.0,z2,0.01,500,0.132
temporal_smoothing,1.0,z2,0.001,500,0.078
temporal_smoothing,1.0,z3,0.05,500,0.044
temporal_smoothing,1.0,z3,0.01,500,0.006
temporal_smoothing,1.0,z3,0.001,500,0.004
temporal_smoothing,1.0,z4,0.05,500,0.034
temporal_smoothing,1.0,z4,0.01,500,0.002
temporal_smoothing,1.0,z4,0.001,500,0.0
temporal_smoothing,1.0,z6,0.05,500,0.48
temporal_smoothing,1.0,z6,0.01,500,0.34
temporal_smoothing,1.0,z6,0.001,500,0.25
temporal_smoothing,1.0,z8,0.05,500,0.064
temporal_smoothing,1.0,z8,0.01,500,0.014
temporal_smoothing,1.0,z8,0.001,500,0.0
temporal_smoothing,1.0,z57,0.05,500,0.038
temporal_smoothing,1.0,z57,0.01,500,0.008
temporal_smoothing,1.0,z57,0.001,500,0.004
temporal_smoothing,1.5,z1,0.05,500,0.068
temporal_smoothing,1.5,z1,0.01,500,0.068
temporal_smoothing,1.5,z1,0.001,500,0.068
temporal_smoothing,1.5,z2,0.05,500,0.224
temporal_smoothing,1.5,z2,0.01,500,0.16
temporal_smoothing,1.5,z2,0.001,500,0.112
temporal_smoothing,1.5,z3,0.05,500,0.034
temporal_smoothing,1.5,z3,0.01,500,0.002
temporal_smoothing,1.5,z3,0.001,500,0.0
temporal_smoothing,1.5,z4,0.05,500,0.036
temporal_smoothing,1.5,z4,0.01,500,0.002
temporal_smoothing,1.5,z4,0.001,500,0.002
temporal_smoothing,1.5,z6,0.05,500,0.6
temporal_smoothing,1.5,z6,0.01,500,0.47
temporal_smoothing,1.5,z6,0.001,500,0.334
temporal_smoothing,1.5,z8,0.05,500,0.052
temporal_smoothing,1.5,z8,0.01,500,0.008
temporal_smoothing,1.5,z8,0.001,500,0.002
temporal_smoothing,1.5,z57,0.05,500,0.04
temporal_smoothing,1.5,z57,0.01,500,0.012
temporal_smoothing,1.5,z57,0.001,500,0.012
temporal_smoothing,2.0,z1,0.05,500,0.07
temporal_smoothing,2.0,z1,0.01,500,0.07
temporal_smoothing,2.0,z1,0.001,500,0.07
temporal_smoothing,2.0,z2,0.05,500,0.224
temporal_smoothing,2.0,z2,0.01,500,0.146
temporal_smoothing,2.0,z2,0.001,500,0.098
temporal_smoothing,2.0,z3,0.05,500,0.044
temporal_smoothing,2.0,z3,0.01,500,0.006
temporal_smoothing,2.0,z3,0.001,500,0.0
temporal_smoothing,2.0,z4,0.05,500,0.03
temporal_smoothing,2.0,z4,0.01,500,0.002
temporal_smoothing,2.0,z4,0.001,500,0.0
temporal_smoothing,2.0,z6,0.05,500,0.726
temporal_smoothing,2.0,z6,0.01,500,0.58
temporal_smoothing,2.0,z6,0.001,500,0.412
temporal_smoothing,2.0,z8,0.05,500,0.052
temporal_smoothing,2.0,z8,0.01,500,0.004
temporal_smoothing,2.0,z8,0.001,500,0.0
temporal_smoothing,2.0,z57,0.05,500,0.038
temporal_smoothing,2.0,z57,0.01,500,0.008
temporal_smoothing,2.0,z57,0.001,500,0.004
temporal_smoothing,3.0,z1,0.05,500,0.088
temporal_smoothing,3.0,z1,0.01,500,0.088
temporal_smoothing,3.0,z1,0.001,500,0.088
temporal_smoothing,3.0,z2,0.05,500,0.238
temporal_smoothing,3.0,z2,0.01,500,0.148
temporal_smoothing,3.0,z2,0.001,500,0.086
temporal_smoothing,3.0,z3,0.05,500,0.038
temporal_smoothing,3.0,z3,0.01,500,0.01
temporal_smoothing,3.0,z3,0.001,500,0.0
temporal_smoothing,3.0,z4,0.05,500,0.016
temporal_smoothing,3.0,z4,0.01,500,0.002
temporal_smoothing,3.0,z4,0.001,500,0.0
temporal_smoothing,3.0,z6,0.05,500,0.902
temporal_smoothing,3.0,z6,0.01,500,0.778
temporal_smoothing,3.0,z6,0.001,500,0.624
temporal_smoothing,3.0,z8,0.05,500,0.046
temporal_smoothing,3.0,z8,0.01,500,0.004
temporal_smoothing,3.0,z8,0.001,500,0.002
temporal_smoothing,3.0,z57,0.05,500,0.052
temporal_smoothing,3.0,z57,0.01,500,0.012
temporal_smoothing,3.0,z57,0.001,500,0.008
peer_gaming,0.5,z1,0.05,500,0.072
peer_gaming,0.5,z1,0.01,500,0.072
peer_gaming,0.5,z1,0.001,500,0.072
peer_gaming,0.5,z2,0.05,500,0.25
peer_gaming,0.5,z2,0.01,500,0.166
peer_gaming,0.5,z2,0.001,500,0.116
peer_gaming,0.5,z3,0.05,500,0.106
peer_gaming,0.5,z3,0.01,500,0.032
peer_gaming,0.5,z3,0.001,500,0.0
peer_gaming,0.5,z4,0.05,500,0.124
peer_gaming,0.5,z4,0.01,500,0.024
peer_gaming,0.5,z4,0.001,500,0.002
peer_gaming,0.5,z6,0.05,500,0.324
peer_gaming,0.5,z6,0.01,500,0.252
peer_gaming,0.5,z6,0.001,500,0.192
peer_gaming,0.5,z8,0.05,500,0.042
peer_gaming,0.5,z8,0.01,500,0.006
peer_gaming,0.5,z8,0.001,500,0.0
peer_gaming,0.5,z57,0.05,500,0.108
peer_gaming,0.5,z57,0.01,500,0.038
peer_gaming,0.5,z57,0.001,500,0.008
peer_gaming,1.0,z1,0.05,500,0.082
peer_gaming,1.0,z1,0.01,500,0.082
peer_gaming,1.0,z1,0.001,500,0.082
peer_gaming,1.0,z2,0.05,500,0.246
peer_gaming,1.0,z2,0.01,500,0.154
peer_gaming,1.0,z2,0.001,500,0.09
peer_gaming,1.0,z3,0.05,500,0.226
peer_gaming,1.0,z3,0.01,500,0.09
peer_gaming,1.0,z3,0.001,500,0.018
peer_gaming,1.0,z4,0.05,500,0.22
peer_gaming,1.0,z4,0.01,500,0.082
peer_gaming,1.0,z4,0.001,500,0.014
peer_gaming,1.0,z6,0.05,500,0.318
peer_gaming,1.0,z6,0.01,500,0.238
peer_gaming,1.0,z6,0.001,500,0.172
peer_gaming,1.0,z8,0.05,500,0.048
peer_gaming,1.0,z8,0.01,500,0.012
peer_gaming,1.0,z8,0.001,500,0.0
peer_gaming,1.0,z57,0.05,500,0.264
peer_gaming,1.0,z57,0.01,500,0.086
peer_gaming,1.0,z57,0.001,500,0.018
peer_gaming,1.5,z1,0.05,500,0.068
peer_gaming,1.5,z1,0.01,500,0.068
peer_gaming,1.5,z1,0.001,500,0.068
peer_gaming,1.5,z2,0.05,500,0.232
peer_gaming,1.5,z2,0.01,500,0.154
peer_gaming,1.5,z2,0.001,500,0.096
peer_gaming,1.5,z3,0.05,500,0.374
peer_gaming,1.5,z3,0.01,500,0.132
peer_gaming,1.5,z3,0.001,500,0.046
peer_gaming,1.5,z4,0.05,500,0.366
peer_gaming,1.5,z4,0.01,500,0.148
peer_gaming,1.5,z4,0.001,500,0.028
peer_gaming,1.5,z6,0.05,500,0.306
peer_gaming,1.5,z6,0.01,500,0.246
peer_gaming,1.5,z6,0.001,500,0.168
peer_gaming,1.5,z8,0.05,500,0.056
peer_gaming,1.5,z8,0.01,500,0.01
peer_gaming,1.5,z8,0.001,500,0.0
peer_gaming,1.5,z57,0.05,500,0.47
peer_gaming,1.5,z57,0.01,500,0.224
peer_gaming,1.5,z57,0.001,500,0.048
peer_gaming,2.0,z1,0.05,500,0.082
peer_gaming,2.0,z1,0.01,500,0.082
peer_gaming,2.0,z1,0.001,500,0.082
peer_gaming,2.0,z2,0.05,500,0.242
peer_gaming,2.0,z2,0.01,500,0.16
peer_gaming,2.0,z2,0.001,500,0.112
peer_gaming,2.0,z3,0.05,500,0.664
peer_gaming,2.0,z3,0.01,500,0.342
peer_gaming,2.0,z3,0.001,500,0.138
peer_gaming,2.0,z4,0.05,500,0.534
peer_gaming,2.0,z4,0.01,500,0.334
peer_gaming,2.0,z4,0.001,500,0.124
peer_gaming,2.0,z6,0.05,500,0.328
peer_gaming,2.0,z6,0.01,500,0.252
peer_gaming,2.0,z6,0.001,500,0.188
peer_gaming,2.0,z8,0.05,500,0.05
peer_gaming,2.0,z8,0.01,500,0.012
peer_gaming,2.0,z8,0.001,500,0.0
peer_gaming,2.0,z57,0.05,500,0.646
peer_gaming,2.0,z57,0.01,500,0.394
peer_gaming,2.0,z57,0.001,500,0.134
peer_gaming,3.0,z1,0.05,500,0.058
peer_gaming,3.0,z1,0.01,500,0.058
peer_gaming,3.0,z1,0.001,500,0.058
peer_gaming,3.0,z2,0.05,500,0.226
peer_gaming,3.0,z2,0.01,500,0.126
peer_gaming,3.0,z2,0.001,500,0.08
peer_gaming,3.0,z3,0.05,500,0.926
peer_gaming,3.0,z3,0.01,500,0.786
peer_gaming,3.0,z3,0.001,500,0.466
peer_gaming,3.0,z4,0.05,500,0.828
peer_gaming,3.0,z4,0.01,500,0.6
peer_gaming,3.0,z4,0.001,500,0.378
peer_gaming,3.0,z6,0.05,500,0.35
peer_gaming,3.0,z6,0.01,500,0.258
peer_gaming,3.0,z6,0.001,500,0.178
peer_gaming,3.0,z8,0.05,500,0.058
peer_gaming,3.0,z8,0.01,500,0.02
peer_gaming,3.0,z8,0.001,500,0.01
peer_gaming,3.0,z57,0.05,500,0.906
peer_gaming,3.0,z57,0.01,500,0.746
peer_gaming,3.0,z57,0.001,500,0.424
systematic,0.5,z1,0.05,500,0.134
systematic,0.5,z1,0.01,500,0.074
systematic,0.5,z1,0.001,500,0.074
systematic,0.5,z2,0.05,500,0.312
systematic,0.5,z2,0.01,500,0.226
systematic,0.5,z2,0.001,500,0.146
systematic,0.5,z3,0.05,500,0.132
systematic,0.5,z3,0.01,500,0.022
systematic,0.5,z3,0.001,500,0.0
systematic,0.5,z4,0.05,500,0.096
systematic,0.5,z4,0.01,500,0.02
systematic,0.5,z4,0.001,500,0.0
systematic,0.5,z6,0.05,500,0.42
systematic,0.5,z6,0.01,500,0.312
systematic,0.5,z6,0.001,500,0.232
systematic,0.5,z8,0.05,500,0.052
systematic,0.5,z8,0.01,500,0.01
systematic,0.5,z8,0.001,500,0.0
systematic,0.5,z57,0.05,500,0.124
systematic,0.5,z57,0.01,500,0.028
systematic,0.5,z57,0.001,500,0.004
systematic,1.0,z1,0.05,500,0.27
systematic,1.0,z1,0.01,500,0.078
systematic,1.0,z1,0.001,500,0.068
systematic,1.0,z2,0.05,500,0.41
systematic,1.0,z2,0.01,500,0.314
systematic,1.0,z2,0.001,500,0.2
systematic,1.0,z3,0.05,500,0.196
systematic,1.0,z3,0.01,500,0.054
systematic,1.0,z3,0.001,500,0.008
systematic,1.0,z4,0.05,500,0.164
systematic,1.0,z4,0.01,500,0.066
systematic,1.0,z4,0.001,500,0.014
systematic,1.0,z6,0.05,500,0.49
systematic,1.0,z6,0.01,500,0.37
systematic,1.0,z6,0.001,500,0.232
systematic,1.0,z8,0.05,500,0.064
systematic,1.0,z8,0.01,500,0.01
systematic,1.0,z8,0.001,500,0.002
systematic,1.0,z57,0.05,500,0.218
systematic,1.0,z57,0.01,500,0.078
systematic,1.0,z57,0.001,500,0.012
systematic,1.5,z1,0.05,500,0.43
systematic,1.5,z1,0.01,500,0.218
systematic,1.5,z1,0.001,500,0.078
systematic,1.5,z2,0.05,500,0.516
systematic,1.5,z2,0.01,500,0.388
systematic,1.5,z2,0.001,500,0.256
systematic,1.5,z3,0.05,500,0.414
systematic,1.5,z3,0.01,500,0.186
systematic,1.5,z3,0.001,500,0.05
systematic,1.5,z4,0.05,500,0.356
systematic,1.5,z4,0.01,500,0.164
systematic,1.5,z4,0.001,500,0.034
systematic,1.5,z6,0.05,500,0.608
systematic,1.5,z6,0.01,500,0.458
systematic,1.5,z6,0.001,500,0.316
systematic,1.5,z8,0.05,500,0.042
systematic,1.5,z8,0.01,500,0.004
systematic,1.5,z8,0.001,500,0.0
systematic,1.5,z57,0.05,500,0.428
systematic,1.5,z57,0.01,500,0.204
systematic,1.5,z57,0.001,500,0.07
systematic,2.0,z1,0.05,500,0.634
systematic,2.0,z1,0.01,500,0.374
systematic,2.0,z1,0.001,500,0.106
systematic,2.0,z2,0.05,500,0.548
systematic,2.0,z2,0.01,500,0.408
systematic,2.0,z2,0.001,500,0.282
systematic,2.0,z3,0.05,500,0.632
systematic,2.0,z3,0.01,500,0.348
systematic,2.0,z3,0.001,500,0.102
systematic,2.0,z4,0.05,500,0.548
systematic,2.0,z4,0.01,500,0.304
systematic,2.0,z4,0.001,500,0.102
systematic,2.0,z6,0.05,500,0.702
systematic,2.0,z6,0.01,500,0.548
systematic,2.0,z6,0.001,500,0.376
systematic,2.0,z8,0.05,500,0.046
systematic,2.0,z8,0.01,500,0.004
systematic,2.0,z8,0.001,500,0.0
systematic,2.0,z57,0.05,500,0.65
systematic,2.0,z57,0.01,500,0.376
systematic,2.0,z57,0.001,500,0.112
systematic,3.0,z1,0.05,500,0.92
systematic,3.0,z1,0.01,500,0.776
systematic,3.0,z1,0.001,500,0.488
systematic,3.0,z2,0.05,500,0.752
systematic,3.0,z2,0.01,500,0.63
systematic,3.0,z2,0.001,500,0.504
systematic,3.0,z3,0.05,500,0.938
systematic,3.0,z3,0.01,500,0.758
systematic,3.0,z3,0.001,500,0.432
systematic,3.0,z4,0.05,500,0.828
systematic,3.0,z4,0.01,500,0.634
systematic,3.0,z4,0.001,500,0.382
systematic,3.0,z6,0.05,500,0.92
systematic,3.0,z6,0.01,500,0.784
systematic,3.0,z6,0.001,500,0.614
systematic,3.0,z8,0.05,500,0.06
systematic,3.0,z8,0.01,500,0.014
systematic,3.0,z8,0.001,500,0.002
systematic,3.0,z57,0.05,500,0.928
systematic,3.0,z57,0.01,500,0.756
systematic,3.0,z57,0.001,500,0.482
