year,islamic_deposits_Bn_IDR,islamic_cash_ratio_t,cash_ratio_status,cash_source,data_category,reconstruction_method
2016,285200,0.058963,OFFICIAL_RECONSTRUCTED,"DPK syariah Rp285.2T from OJK LPKSI/officially attributed public excerpts; total commercial bank DPK Rp4,836,932Bn from OJK SPI cited series",STRUCTURAL_RECONSTRUCTION,Alignment of two official OJK aggregate series: Islamic DPK numerator and total banking DPK denominator; no statistical extrapolation
2017,341900,0.064638,OFFICIAL_RECONSTRUCTED,"DPK syariah Rp341.9T from OJK Snapshot/SPS cited series; total commercial bank DPK Rp5,289,436Bn from OJK SPI cited series",STRUCTURAL_RECONSTRUCTION,Alignment of two official OJK aggregate series: Islamic DPK numerator and total banking DPK denominator; no statistical extrapolation
2018,379960,0.067482,OFFICIAL_RECONSTRUCTED,"DPK syariah Rp379.96T from OJK Snapshot/SPS/LPKSI public excerpt; total commercial bank DPK Rp5,630,548Bn from OJK SPI cited series",STRUCTURAL_RECONSTRUCTION,Alignment of two official OJK aggregate series: Islamic DPK numerator and total banking DPK denominator; no statistical extrapolation
2019,425290,0.070898,OFFICIAL_RECONSTRUCTED,"OJK Snapshot Perbankan Syariah Indonesia Dec 2019: DPK Rp425.29T; total commercial bank DPK Rp5,998,648Bn from OJK SPI Dec 2019 cited series",STRUCTURAL_RECONSTRUCTION,Alignment of two official OJK aggregate series: Islamic DPK numerator and total banking DPK denominator; no statistical extrapolation
2020,475790,0.071382,OFFICIAL_RECONSTRUCTED,"DPK syariah Rp475.79T from OJK Snapshot/SPS cited series; total commercial bank DPK Rp6,665,390Bn from OJK SPI cited series",STRUCTURAL_RECONSTRUCTION,Alignment of two official OJK aggregate series: Islamic DPK numerator and total banking DPK denominator; no statistical extrapolation
2021,536993,0.071796,OBSERVED_PRIMARY,"OJK SPS Dec 2024 Table 22 for BUS+UUS DPK; total DPK Bank Umum Rp7,479,463Bn from OJK SPI cited series",PURE_DATA_COLLECTION,Direct ratio: OJK Islamic Banking DPK / OJK total commercial banking DPK; no interpolation
2022,606063,0.074331,OBSERVED_PRIMARY,"OJK SPS Dec 2024 Table 22 for BUS+UUS DPK; total DPK Bank Umum Rp8,153,590Bn from OJK SPI cited series",PURE_DATA_COLLECTION,Direct ratio: OJK Islamic Banking DPK / OJK total commercial banking DPK; no interpolation
2023,669249,0.079127,OBSERVED_PRIMARY,"OJK SPS Dec 2024 Table 22 for BUS+UUS DPK; total DPK Bank Umum Rp8,457,929Bn from OJK SPI Dec 2023/2024 cited series",PURE_DATA_COLLECTION,Direct ratio: OJK Islamic Banking DPK / OJK total commercial banking DPK; no interpolation
2024,736755,0.076954,OFFICIAL_RECONSTRUCTED_WITH_DENOMINATOR_CAVEAT,"OJK SPS Dec 2024 Table 22 line Total Dana Pihak Ketiga BUS+UUS; denominator back-calculated from OJK verified ratio 7.6954%, pending explicit SPI cell recheck",STRUCTURAL_RECONSTRUCTION,"Direct ratio logic preserved, but denominator is back-calculated pending explicit SPI cell confirmation"
