gvkey,n_quarters,z_plus_lag1,z_plus_renorm_lag1,breadth_lag1,z_mahalanobis_sq_lag1,t_iut_lag1,z_plus_softmax_lag1,z_plus_orth_lag1
107,90,0.6148975655586,0.6236071220529352,0.7172519414693451,0.5902100010885314,0.683185219244958,0.6650130767325441,0.6597873994835092
144,86,0.5367900531469163,0.3598363526531798,0.511189132042067,0.6871222995028357,0.929322555854297,0.761304694290906,0.76111239320454
168,89,0.44493026144563,0.3514080198696206,0.7006339564662845,0.5459774973012459,0.8221608535876939,0.2695722740410609,0.2805917230067372
175,89,0.4385370939998042,0.4459073503486703,0.2394375058043792,0.6858760740534708,0.64905140160442,0.5170132794398532,0.5127794735606976
176,104,0.7368648845777706,0.3411282177235732,0.7944371531540124,0.5298612459356572,0.9374410310404604,0.8866713439570552,0.8873578173886563
179,93,0.5937320718140319,0.5159595990815463,0.440986373227607,0.7773623850105043,0.8105015263827625,0.6336436947838716,0.634153068880655
185,87,0.2737377659018329,0.4882424491282569,0.3029862479633735,0.3311653325740197,0.8772213624721997,0.4514800772001975,0.4505329315446461
188,84,0.7840230414548288,0.7107702223124135,0.6285897785732885,0.8980421373440246,0.3485356706454878,0.7649649742559967,0.767668644074947
189,85,0.7657338385483244,0.3462767278638496,0.4886704464568644,0.8394607566613301,0.9019305625478028,0.8467656191294345,0.8466707072319581
201,92,0.7061465984677647,0.7558672853499395,0.3406402841881228,0.7568194256557246,0.7488319992599687,0.8563672279748196,0.8541415987278901
202,84,0.5121048744396066,0.4180742435350571,0.3832138553210006,0.4154865031531835,0.0243480752207533,0.628950219772889,0.6265779685039132
204,89,0.4058284204238305,0.3118411001323518,0.5716026351532865,0.647092480386976,0.9193761718300116,0.3895654852612886,0.3844802017688526
205,96,0.4363751209273973,0.5172575441062544,0.3737605962283069,0.7073395033650007,0.8072488529322701,0.6499733126666409,0.6466513524720994
206,70,0.6007943054891216,0.4931836960147416,0.5406403255095711,-0.0633604801271019,0.904083548917761,0.7272887083665286,0.7281340896598912
207,70,0.6349631897475412,0.6413455527759334,0.5979352743162833,0.3623905592239324,-0.0381410799895117,0.5320980584615759,0.5249993192165697
208,89,0.5149213906197536,0.4904903979309141,0.4741339173932139,0.3626213729598976,0.7010175792902432,0.5523042086631254,0.5534112112765157
210,108,0.7115253267204087,0.7093008688335594,0.5982922299450418,0.7100749720957455,0.7852031251365507,0.7523996654117769,0.7556897279272576
215,78,0.0697800178515601,0.2611261568171443,0.3979458776520613,0.2890967881759729,0.908761802753664,0.3520760838320032,0.3502655775541194
223,106,0.6689718888981931,0.7563162097956435,0.5502821442723377,0.8371998735966435,0.6806268327544861,0.6242304610897645,0.624743754192548
224,84,0.4888607306561097,0.2585490848031158,0.2760685611055162,0.6480020423349769,0.0359426954811644,0.4389176485644219,0.4382892101597088
249,97,0.3488077943784674,-0.1671557368412813,0.6868487924234564,0.0980472756485937,0.7832846272360322,-0.1037229871165708,-0.1072640385440215
258,88,0.54446508247017,0.3993490615760228,0.4806417423892811,0.5983139436796976,0.1929852006530833,0.437922283821895,0.4429930100572216
260,104,0.6977403004180905,0.513686042844983,0.7256454993351155,0.7101968174506939,0.540256195000594,0.7708261972381254,0.7760706746045336
263,99,0.3283371943932738,0.1685495378401034,0.4254395323368732,0.2216826448098433,0.7405327484618016,0.3064753474774456,0.3157889658840706
285,77,0.759131973055914,0.5378717928737696,0.7048667493760765,0.7964715287298144,0.2995775017431755,0.707363368609502,0.7101840607422103
301,55,0.7046850361731526,0.4920754409420897,0.8046466412053367,0.096932221652462,0.8601379588499808,0.5897498512965134,0.5952148690638193
315,79,0.4944229192236436,0.4872129679287777,0.5762150316968758,0.1180162107221911,0.4894371858714902,0.4699119731602368,0.4711358532892247
321,100,0.3702868803934191,0.3146668132455837,0.19245233895643,0.4484274541515167,0.8732243522797805,0.4938952673455238,0.4996424325571215
337,76,0.4602126912278518,0.3683712439142956,0.4718304871611439,0.5913808800558924,0.574747770933023,0.4268660621029431,0.4300557153841008
346,93,0.5130753255401255,0.6382051752017801,0.3663900037749286,0.0913060129026832,0.1149269101915696,0.4876853475325954,0.4880420470637243
347,106,0.4489078894154073,0.3668254501104189,0.5898145702567391,0.2987281143205296,0.4051044403281746,0.38376034273595,0.3860428603076702
348,88,0.5043410642747236,0.4788303210395083,0.3637708359911992,0.625034559940319,0.1976937396475617,0.5531077308446993,0.5554164071620147
355,86,0.2126747286616972,0.3237225196741821,0.3941193941193944,0.1468776314263991,0.8145948656602152,0.2794270152434384,0.2825636666568351
366,106,0.7030691056012008,0.6635723541826966,0.6492513312294435,0.7660136645485794,0.6819388874930814,0.7225384593223291,0.7277145009004855
367,84,0.2487223910202262,0.3387004325501739,0.5930922101097782,0.6401072766114425,0.8904093188149328,0.0807136606842895,0.0837042363913384
368,85,0.1547672104331857,0.1080841916896071,0.3109824036339874,0.065854979525527,0.7495181444548066,0.0525641879784376,0.0504005030392222
370,105,0.7790352610176542,0.7688543626345221,0.6621995543486119,-0.0124769319361483,0.409374418118231,0.8167420749139902,0.8156388263828517
372,50,0.5463084450727276,0.61035324574773,0.345597037607569,0.672127556221003,-0.1260479396640733,0.7468426546065295,0.7436727458214744
373,70,0.8494335095410517,0.8166536128109879,0.5631948785348247,0.7430675216020305,0.1518210705456524,0.8057536625805799,0.8049818343576852
374,106,0.2294436762545177,-0.0405746387808077,0.4226382064883576,0.1698411252244451,0.5334809955536736,-0.0328185536204565,-0.0196887687035416
375,105,0.5201261708500022,0.4747961871289338,0.5770938466685472,0.6716754200627975,0.806288228160676,0.4819946322787887,0.4843737867417947
378,78,0.7681751985536601,0.7746746555601434,0.7296661525058141,0.9817848684731164,0.4892291759215301,0.8615228643575875,0.8632759472696033
379,105,0.3022432435057733,0.2367134677173532,0.4549933051668792,0.1026922366383699,0.8491222469487495,0.2089224237695435,0.2149566810082064
380,106,0.3631337395048057,0.2743826706035749,0.4137740339654066,0.4925887114110856,0.750095580685905,0.4067551958343997,0.4056048811833012
381,106,0.3134204642717761,0.1664517996092656,0.1137586899026664,0.0799065220011661,0.7194685407758931,0.3269252562788751,0.3274202488666834
382,45,0.6491787152846691,0.1888214713698895,0.8941382327209102,0.1963847982766441,0.3569896493108866,0.3200508056187833,0.3307110305819232
386,102,0.3598802672424623,0.2843993716447068,0.488910422049957,,0.8824864650410456,0.29709260748919,0.2989752010993842
387,106,0.8207669728689148,0.7037430075055001,0.6508889721321097,0.7522288076220126,0.9152616840972562,0.8902501393948961,0.8892932900015421
388,93,0.4584300047827092,0.4417842310075016,0.4610655647295432,0.5596718094285559,0.763967632862559,0.383291757935947,0.3929075293275209
393,86,0.4481345010124951,0.4041746920859404,0.4789654692045784,0.4377624704772436,0.3565739691510366,0.6245731586349247,0.6221775125326309
415,106,0.6031952233825805,0.4912938119897289,0.5602476779749577,0.0673100422769486,0.8552351315778902,0.7024637173431335,0.7022101961637491
417,83,0.4853879045475502,0.4305325919001735,0.4809369561610081,0.2195725053263296,0.8851433768932537,0.5100232683190626,0.5092258289586611
425,106,0.7065126130442971,0.6900128214707494,0.7160914331015711,0.598719479977576,0.5359358588173484,0.7773818423276501,0.7810721982827131
431,106,0.5527417467581421,0.3640953641185357,0.5194457984362363,0.3231409631181418,0.5005776112506982,0.3631045597929047,0.3683279537805271
435,104,0.7342053123728092,0.377357640016195,0.8664859769031359,0.273490921329803,0.8462368897920668,0.5408348901899044,0.548467714384574
459,105,0.8659353891445924,0.8057617764009326,0.7274604947229117,0.5571864752302415,0.5917813180551145,0.8100772476129783,0.8121105723544981
460,106,0.721073220153876,0.5545667024064889,0.7637237789056086,0.5116367868456279,0.5774106331857886,0.6600970531678284,0.6628852022117474
461,73,0.5716927981553275,0.1665612188865574,0.3455667981478304,,0.3436866953367725,0.7872724379357203,0.7832061868215029
462,106,0.7232369396127498,0.5124412274513603,0.7657490987997287,,0.8620851607033563,0.7066026556513803,0.7079299360480563
463,93,0.2463629180300599,0.2110036025728771,0.4572687897011353,0.1793069781890313,0.472467034102543,0.2088792750993239,0.2194517879128746
464,107,0.7097981397104666,0.5255535927689642,0.7083338653492527,0.2762163652262724,0.8013173171282426,0.8173356831747133,0.8204397515485452
465,106,0.6318846274368823,0.4894673911692755,0.4072741627723582,0.1686630864210975,0.5862130907054235,0.6308557627822681,0.6332961627976978
466,106,0.1949403392182935,0.0867996992690859,0.3201238051449466,0.3539542889690513,0.7360512177073927,-0.009355327631973,0.004967779389832
467,106,0.8017938796346579,0.7448588668381715,0.7612647054960093,0.4423025177234327,0.7819542429835892,0.8329288636263527,0.8345521155795134
468,106,0.6974617088922084,0.5266956995254718,0.7315422666612978,0.678781915174988,0.5480628578344489,0.6591530513835636,0.6609842390053993
469,105,0.5304416825831425,0.4378067666784336,0.3793420169978084,0.7768220067650669,0.4898163527160138,0.3902005799398143,0.3854395076169403
472,105,0.88026631489044,0.762841635961805,0.7139550751397786,0.879557713527738,0.749315621434854,0.720492672366678,0.7192063533681965
473,105,0.0239535816271996,-0.0785068873377698,0.4045166461425905,0.0325500118951679,0.7412943786742934,-0.1535540541260092,-0.1537064303896966
474,86,0.7727624846378484,0.4441233021849421,0.6814127053081938,0.7334133236694206,0.9360273415815272,0.8847957253689817,0.8863082870645641
478,41,0.4780194160071046,0.4918295771401524,0.263831063694574,,-0.0765556993793476,0.3118195003314464,0.3046413857763252
479,106,0.3298369662439675,0.571827777338157,0.7499240805896477,0.0963144241736373,0.8167804885836368,0.2467155319089485,0.2453266435248295
480,105,0.3018421468377627,0.4390131024689845,0.4762589928057556,0.5194642913067914,0.7855069425993892,0.1545784830856846,0.1633530965542594
481,104,0.4763204456034682,0.6219217925922707,0.7482066293239197,,0.9434736774691684,0.601963783998249,0.5972114937110988
482,106,0.5213438066043967,0.2894506773140672,0.6751484444809881,0.3778460920416577,0.7305924939356812,0.3818546323839079,0.4007742170249955
483,85,0.7156055535771612,0.4696049146543081,0.4698002602424609,0.6405165831970575,0.7461903311704337,0.8517513095762544,0.8578202167453746
484,106,0.6469499098465339,0.6966219212393762,0.4863851312443062,0.2317747596496048,0.0817745967177604,0.7981456041701708,0.7964778751088182
485,93,0.4362820669766193,0.4331590017975948,0.4086214795144792,0.3218797200942453,0.7815536962187749,0.5979783801389262,0.5904095556034388
487,104,0.5814297949513543,0.6074425626165416,0.4730063214287826,0.1443464517738103,0.6020261368172465,0.6302859655685363,0.6272326324766656
488,85,0.5832543968113805,0.6244252456464049,0.2075938325848959,0.3756493752552489,0.0652794557541096,0.7304869211486843,0.7282002653188686
573,105,0.5651907032857565,0.5354325828279143,0.4449258604478641,0.6444679298654663,0.2326694668164663,0.5515040103337248,0.5631913619032449
580,52,0.2694880493224488,0.4677189352547714,0.3143765724031366,0.0110672960317127,0.7717593610328358,0.321437533819112,0.3060609031944319
583,106,0.6509868191643667,0.528327206037799,0.6237888644703372,-0.0874893718662543,0.0368297836673899,0.7493484192790616,0.7488176082296483
603,106,0.2765899442106936,0.3225642137666146,0.440927023447107,0.5742287700504243,0.7809058144194221,0.144937518209686,0.1454799117142256
630,87,0.5429589929494313,0.5433998162401529,0.3578750940527466,0.4570541353355999,0.7738852250189746,0.5372218878041953,0.5391526327025619
631,94,0.546845314855216,0.3037963646795116,0.6252705484076785,0.4034332097944245,0.8085724856293933,0.5488418161487529,0.5481173906774038
632,107,0.6251643933593802,0.5428030371383535,0.5791412800741483,-0.0101819591515473,0.3453230901818268,0.656622794918332,0.6624900338816683
633,88,0.5558445844189873,0.6046553263753288,0.3407225313381857,0.7041435977252316,0.1962835030416349,0.6362236643045974,0.63317361647534
634,99,0.7594656771607907,0.3697489447181782,0.8239328768329319,0.2924138020641978,0.8443567518655009,0.5433767249186412,0.5553971622935148
635,90,0.4401333466999121,0.4997038946539725,0.6198573562906092,0.6829042853941671,0.6020669914086878,0.5872007318625466,0.5833628543052751
684,76,0.6488922594501091,0.4728931582970995,0.507915934914286,0.2393774772765041,0.7806365290570755,0.6810887889753574,0.6854352571175277
685,80,0.7005962472123682,0.6018721640101518,0.3886543711121611,0.6896608506511183,0.7827377109524457,0.5199567053580192,0.565360553215389
688,92,0.4631727414580064,0.0918564154887889,0.5085961321829409,0.7000614839374681,0.6278368925502162,0.4585794913691268,0.4534273454685926
689,106,0.587149458574358,0.5440294273434793,0.3516576265280567,0.3996819127070267,0.4271732906667033,0.6334466482499926,0.6394591045399884
690,85,0.862942580505363,0.7779186941137397,0.3438530633420071,,0.1485227174852856,0.8344907870421462,0.8355649858114789
691,72,0.5754858054175943,0.6352673853772925,0.5154392154149313,0.6483691767568881,0.6555607780801964,0.6029581172937605,0.6023428240212803
699,104,0.8265568517351176,0.6289057067122311,0.9022915776777604,0.6315609167961586,1.0,0.7672634181959027,0.7700755313847604
700,106,0.5721465472162341,0.4507558389565305,0.5443625078910508,0.1461578790911872,0.5882045674374642,0.5814132502730941,0.5793395973627931
701,106,0.6896127410820531,0.5838745941653529,0.6088238114022765,0.4643269889059354,0.8594043399557814,0.7529035760531148,0.7537880842377528
702,42,0.3075250353080774,0.4105562753815982,0.1492976494876235,0.0528647183592255,0.613238707348016,0.3696980521279988,0.3746303868334779
703,106,0.5822704223975969,0.4870208259425545,0.4627931118316722,0.6542726747367387,0.6892131948410296,0.5626236445329932,0.5642460766791156
704,85,0.6147369990220564,0.622068139933499,0.2962625563955751,0.5604324286324834,0.8948516857812491,0.6364934385956806,0.634791695903035
705,105,0.857904452962526,0.903566355870196,0.8560584879925642,,0.601575170073262,0.935536874202972,0.9361356230279284
706,79,0.8072727439289181,0.6259898951361195,0.4743307296241638,0.8340968542981125,0.9572590987959028,0.6084938431995711,0.5939792070613156
707,105,0.6964772350210139,0.5134741811914549,0.6818861805301955,0.5527372829376628,0.6673243404970765,0.7469642301228742,0.7507800751710789
708,81,0.549692704752182,0.5080959905183746,0.3688094049782936,0.7399077285914902,0.8685261177909311,0.5995916063757694,0.5995589873935654
709,93,0.6412798700913561,0.2640130520689735,0.5850619858619542,0.3261728273792886,0.3525739924761779,0.7536379190491516,0.7593661781002811
710,106,0.5858040404987476,0.4891489597100035,0.5420252056020493,0.0333098962183076,0.5618516513358763,0.5613724908413589,0.5700253459759321
711,58,0.8272222076005032,0.8780878843341603,0.8995613512298193,,0.2484754822842869,0.952977202092292,0.955812661678166
712,106,0.6013106624044559,0.4236552584052092,0.6531053961525054,,0.8753137615606167,0.7175689907030021,0.7160132701136822
723,70,0.6832376440913084,0.589396552975175,0.6764031657952396,0.0412039398158109,0.9054110640070988,0.7144555622457339,0.716000255442634
753,75,0.2695644781482804,0.1908337344725925,0.3355189683077844,0.0010551733306973,0.8245501325767878,-0.0037874518554095,-0.0179068623952331
754,100,0.498685729139803,0.3903879741225408,0.6329581703241897,0.5132449969849331,0.806456938113379,0.581221599145601,0.5858467471646605
755,105,0.6631385299453311,0.4406252208886355,0.4915026204850388,0.5324631941825099,0.9246160411323698,0.6381962697965147,0.6432880694532259
807,83,0.5598263938478022,0.5716288589454408,0.4631996263418063,0.4439960458210416,0.0556565035802545,0.469285559778606,0.459790704072083
811,80,0.670751872035709,0.5307366157255013,0.5089722094626441,0.7339130558925537,0.8977808173339661,0.4437633318189992,0.3962273881923142
812,104,0.7869108742686078,0.5497636122362433,0.543256368243779,0.752402232423014,0.8814646981769182,0.8867478593858538,0.8872309405096328
813,106,0.7922507780783064,0.8080608881042096,0.8320054591911369,,0.780050280082647,0.7796291098006426,0.7814128412849075
816,106,0.221920150885738,0.2410932272339169,0.1854239585126411,0.44084853913608,0.7974130513281005,0.3934947195093592,0.396582764296197
817,89,0.820137927327644,0.7129891414062274,0.6469804901034205,0.5004750444264814,0.5774495706798354,0.7937998373508862,0.7856639283009621
819,44,0.6973367044464351,0.4105629218970466,0.8212602974674422,0.3442492942387517,0.6910785640830667,0.6657694687148263,0.6674528117288896
820,84,0.3342942235477127,0.3080763992464445,0.4893299999386862,0.5861015740415624,0.729863383211422,0.2475944349998504,0.2491250675550523
837,9,0.0554073839729554,0.3312206721641209,0.3333333333333333,,0.6129113644477375,0.4558378486784065,0.5299802501046678
838,102,0.5096562282203679,0.4872250176566803,0.3303146084002675,0.5630434516602576,0.5960550019334719,0.4771205380311103,0.4739956677698451
839,107,0.5098220002905774,0.6427394431286801,0.3531755915317561,0.4277195351652155,0.2982761262682478,0.4907370185690398,0.4932478280153563
840,106,0.3891698270319389,0.4781641211564229,0.3155414999354594,0.7476244473744859,0.5291900843418106,0.4606478967110227,0.4540967723775726
841,103,0.4564757422712153,0.4536217965479769,0.3029022690467191,0.6226393812276766,0.8325556919676285,0.5966396951437282,0.5989769207772578
842,89,0.5418529074782901,0.4748250300957188,0.2810670260824451,0.5475487372031367,0.3959437539234811,0.6844883387181501,0.683165544943928
843,79,0.2438985647157968,0.2908722279091462,0.540418597635099,0.6051085497537428,0.6262883436070612,0.113973680332693,0.1242299138364512
844,80,0.6023567631290607,0.532420267233541,0.5345661097397695,0.5856441436956175,0.9442305310919012,0.5164112589185165,0.4831828534878145
846,102,0.2842986556290232,0.257729670051579,0.7173916855753116,0.4956141584487481,0.3130531683330824,0.2160571283403491,0.2167065777363087
847,80,0.7137483480512504,0.6143892839732671,0.4032906018773961,,0.9484759363843588,0.7935666649310296,0.7940863610155121
848,74,0.5848009151829954,0.4594988695756318,0.4758485639686681,0.3051568822582878,0.0912948612454419,0.383611713014014,0.3933274067111175
849,77,0.440960149874346,0.3098667371458555,0.395517955939375,0.5182520206230523,0.1435209903174727,0.5375171198433494,0.5374311588767935
850,106,0.4282975893919123,0.3645239889334679,0.765305349295349,0.16833227547359,0.7773241852325892,0.2332686794941711,0.2409098605377598
856,96,0.7644978802755431,0.7346386207924522,0.6398333788229315,0.6836542532993185,0.2491115658208132,0.7911740830179068,0.7917888470614363
892,68,0.498738459420035,0.4583254903916702,0.1384080244977082,0.5748629829270802,0.2225980401120019,0.4645120646872278,0.4593167391187839
893,60,0.5814549450268187,0.282371646619265,0.6866341745898351,0.7303775507176712,0.9364748776576156,0.633702934910637,0.6293399240226794
894,106,0.7181720614069125,0.6651964193215378,0.6201366388041704,0.6515667922720166,0.8101775639332254,0.6797256910068911,0.6832957226624015
895,106,0.5476899996493485,0.2663243059695153,0.5447554999625466,0.3024505850966523,0.8025906243184882,0.5075667600754454,0.512022859765139
923,70,0.7450571800271681,0.7064500620979444,0.2873460035271638,0.193844540539174,-0.0344112427241728,0.7995879966386318,0.8001250168472444
926,12,0.3770597197045963,0.3847701068691698,0.4708482910742559,,0.417500637033225,0.2748810291873816,0.263786491243821
929,106,0.4441617781548382,0.5110736590879232,0.2639489364487037,0.2738999967114776,0.6077905736288334,0.5039139290917128,0.5024438446706702
930,104,0.556562652841505,0.346556252551542,0.615898965703867,0.7587538421338613,0.865502241739093,0.484283339657762,0.4917568034826233
931,106,0.6575373781466898,0.696641590199477,0.6770727918575051,0.7335292873120195,0.8398487472884725,0.6831357071536774,0.6843188178862002
932,106,0.5878107310402194,0.5014227057967574,0.592680021588142,0.2106639627815731,0.9052783966792108,0.5105428171504796,0.5223087679539028
933,94,0.2225175171311534,0.3890440844905669,0.0114738695738168,0.1875326035950336,0.2349209060456122,0.2734127234852243,0.2647007538191503
934,106,0.8538927263426017,0.8068072582155751,0.8563063716712528,0.2272620331667821,0.8772992171086846,0.7599715317067006,0.7649726855372854
935,62,0.901619044455074,0.8313615221962468,0.8911386712536656,,0.931480542548744,0.9125496523553442,0.9127812431816342
936,106,0.2650929635755884,0.129600934364704,0.3197777103171634,-0.1281239285912121,0.6283374566857421,0.088775722743,0.1104097680624424
937,106,0.4107448371946222,0.5080898415615205,0.3325482327616327,0.3531918027987736,0.8538973937747366,0.457477064560239,0.4528009642507044
939,75,0.2116377831200527,0.151636760408453,0.1972534762224644,-0.0048202568404683,0.461680306782197,0.1719146395914868,0.1676299139533027
940,106,0.554640422554216,0.5466431868953093,0.6456258351646131,0.4702353438280992,0.8793442831876016,0.5750047205562685,0.5952699636326163
941,78,0.4422447541319908,0.5813095693795111,0.4076715784608271,0.1111590380064666,0.8440071948715573,0.7194447336102244,0.7175339683432528
942,52,0.5591953353675579,0.3282393925966951,0.4802304930655309,0.0804932238100704,0.6244845257408743,0.5453492766571845,0.5511199868733125
949,92,0.5566401787540698,0.6046429025293708,0.3473208933904474,0.3009496546049366,0.5321990181940931,0.9022285916240624,0.9018972093815414
952,104,0.7119640272479536,0.5665722068779075,0.5234007584248138,,0.940331852831447,0.7835951733601526,0.7827071251540625
956,105,0.3109288429566033,0.0935541118625159,0.5775787540545606,0.0946451569433907,0.8545315751095114,0.0221327505516938,0.0280031282502789
957,105,0.5730900107951477,0.3713820194320889,0.6787938536695735,0.5789389635033215,0.7974284657983932,0.4746705588712411,0.479875322775634
966,104,0.6342836021003826,0.5180957717864835,0.8293596515671067,0.3842210727420733,0.877131674989896,0.44660799119937,0.4513031911573471
967,40,0.3290055359695272,0.5727574058676427,0.1594689936552,0.3291235666486002,0.915895344382966,0.7606442553398473,0.7537734955121983
1011,104,0.6052472747597538,0.5210163483296675,0.5743868148261332,0.523218848759308,1.0,0.5248955903805825,0.5254760700782081
1016,106,0.6394400759496796,0.5083154967526641,0.428212667324397,0.5853986806715313,0.4422744679065382,0.547237858457371,0.5507752903690453
1217,92,0.5497008084028635,0.4238150838438984,0.1857778690905642,0.5371533881659649,0.7215645891870657,0.5936549006365843,0.6013947028431197
1218,92,0.6197101570317811,0.4912183391429074,0.4541120092467805,0.5837924002087798,0.9291776116699564,0.8523365446881315,0.8542594730556015
1219,105,0.3526506935472959,0.208270143483989,0.5082581736434642,0.1617429443869746,0.7671364316672031,0.1271028322244977,0.1512220874521395
1220,96,0.7795410190048088,0.7803721404889882,0.7964371824009473,,0.4456329138700422,0.9065041662922676,0.906684654254142
1271,104,0.7559751304215464,0.6643616691341703,0.692379498320361,0.8182229545297811,1.0,0.7737893469595738,0.7780307714612953
1272,106,0.6254503612494252,0.6003600350090805,0.347749966483708,0.0272907124772305,0.6203028228559941,0.4938166256622455,0.5028695929934415
1273,106,0.5299467196092661,0.3006374122561016,0.6794468887492132,0.1703994346050651,0.7929927518775791,0.1765628493973644,0.1786786731702451
1274,106,0.6412317413824473,0.4986932928359094,0.678941708896229,0.4555339158914275,0.6472934796867974,0.596857938992825,0.5970031144883006
1275,82,0.0920278218944724,-0.0445668938654443,0.3597755942073679,0.0439533291583008,0.888953701163859,-0.1022588680466315,-0.0940299981913741
1276,106,0.2949690492395156,0.4601894683116814,0.5071732569935523,0.5701997442498733,0.6463162205353502,0.3343259776761446,0.3265514522974962
1277,100,0.6484459267086817,0.512927729392401,0.4967000991092816,,0.9480068835957984,0.6325291086800191,0.6329490865284781
1278,106,0.6287814836365742,0.5753793901553853,0.7379472516546919,-0.0641547134575008,0.8692493111498959,0.8166432208905328,0.8184413447793919
1279,106,0.0739672861283868,0.2085105843252711,0.3801459725709054,-0.0713704983323257,0.2519458412179069,0.0968691215387397,0.1149165036523598
1280,63,0.5540936500080789,0.5390735980871517,0.4802047485181534,0.2924912087016265,0.0835814262659078,0.4788751531111437,0.4847752153028525
1281,105,0.592942719251255,0.3466851714581689,0.5251302576610896,0.6401124157021967,0.8895098894934331,0.5865091182860737,0.5882544588378988
1282,106,0.5731201548633097,0.5587259228826066,0.6311640482472622,0.5225147886489184,0.7693166911048154,0.6938924975388293,0.6968971080148239
1283,66,0.4373565957519978,0.231765455730006,0.4772195725784615,0.3659832405396762,0.7311134973163032,0.1181704581317069,0.1274762620245193
1284,73,0.5038978474102043,0.6093440056607691,0.5191820076784663,0.6737749360911249,0.3704444830963322,0.6783899993082281,0.6786311402017616
1285,102,0.6417843625959944,0.5087524088220642,0.4779089813464763,0.8010253050199697,0.602422898141888,0.695563901080532,0.6955205875791547
1286,106,0.5052364634515445,0.4626073310926122,0.4044908009240214,-0.2647320273086299,0.7606362171142375,0.3918821924082654,0.3979144190830964
1287,106,0.1039597453002325,0.1458731576767581,-0.0052501544163063,0.1025166754316672,0.499753048389906,0.1236252302283698,0.1257071673761296
1288,105,0.7266847236410602,0.6502802809662416,0.7908937314741836,0.7141699478506879,0.8684272851413136,0.7264870206229128,0.7231315102672915
1289,105,0.4990713110623642,0.4215887651712413,0.3439510208705316,0.1655455577730951,0.7553820495061151,0.5166165482362458,0.5198239214448337
1293,56,0.6146305459175752,0.657604484072493,0.3603947453889879,-0.337266526188781,0.1480570999562263,0.7608058321229332,0.7599135525789058
1294,89,0.6040716880586463,0.4288804329091042,0.4213560011185421,0.6081398234660316,0.5894457992273366,0.3940961934108354,0.4084788484502697
1296,97,0.404447862610936,0.4050115259030237,0.4066263770585022,0.3774699914285569,0.7766123870981056,0.5320473884580663,0.5307162909084779
1297,44,0.5576129914951518,0.6043307135465852,0.8656220558269527,,0.5133510520470571,0.6140278264451811,0.6152924498263258
1387,94,0.4947200166449806,0.5217820374159845,0.1797217842775146,,0.6388541448851878,0.5759889255708316,0.5796810384271676
1394,106,0.4063699369636836,0.3010960536234937,0.3008210909262558,,0.7977243243125146,0.2396052640289669,0.2398135868840026
1395,102,0.5335126853534339,0.3292631215036377,0.4650237574253346,0.4578176243163122,0.8534462320591077,0.5538849342543608,0.5570736540969661
1396,44,0.7151046374188516,0.4555776309510503,0.8011297709807486,0.2881910552581997,0.8443651357992517,0.8154153998162664,0.8160439390996445
1397,85,0.5316622773417452,0.5570793619117583,0.3796603977285343,0.7292748072385177,0.7832632021660737,0.4571342982488732,0.4619669999921114
1398,89,0.3661427024012941,0.2526621542879331,0.4621879701455543,,0.8585911477943746,0.2729560356717344,0.2746574805354933
1399,97,0.8665524301812227,0.8306260856787441,0.5410490655119905,0.9227532992404353,0.4803489470193338,0.9323136584602848,0.9344837122460756
1400,104,0.5709719106778142,0.5398188806377908,0.7541794212288974,,0.8710086511939142,0.5816311059953521,0.5815967358219827
1401,107,0.5368831134295554,0.5410718281286141,0.2921959056997553,0.4744116454475356,0.6122732132809753,0.740164483718492,0.7421548410274429
1402,77,0.7722965036245161,0.7791536963756498,0.7388058508775088,0.7738735488817678,0.3590741884194027,0.7789048401617844,0.7798446129915302
1403,106,0.1971372658978289,0.2696176093275769,0.4054344218631892,0.2119000671966083,0.9535351756561574,0.522923684410811,0.5228501322719341
1404,93,0.1178002365564361,-0.0319509423361949,0.3237288827554503,0.1201802024707555,0.8294046992311351,-0.0325119393158823,-0.0216272422219393
1405,54,0.0353207803867878,-0.0062833177738351,0.5289376766569488,0.42278817735531,0.8793126753078411,-0.1600329228852753,-0.1471734352449262
1406,47,0.1202890353641586,0.1100073117568496,0.259167679245863,,0.8775432560949368,0.1242975982538756,0.1225072606696449
1407,90,0.7747935613484439,0.7570211228554762,0.2868671325725879,0.7003135303685795,0.8925670696875286,0.7568599855514132,0.7610831966948399
1408,91,0.7516132670034791,0.6536615784365012,0.7653099572751492,0.1126646742036537,0.848134101480045,0.8120999119587095,0.8152674067653652
1409,82,0.5894370132152253,0.5606910682661536,0.516839099323134,0.7020465525321369,0.8254290062309859,0.4387787031564084,0.3435826810186626
1410,106,0.6231681918358097,0.5319757978221386,0.5403049189650002,0.5394394781074111,0.3002384626373942,0.460073353765706,0.4555125429696762
1411,70,0.4385300444709313,0.3691284247935688,0.4824247539751736,-0.0731376544274277,0.2862185777657487,0.4827693802135764,0.483724646377576
1417,103,0.6694193268133274,0.6248607929840299,0.4316960286732648,0.7336455536011405,0.2718907752117174,0.6658827901522133,0.6728105929674474
1422,106,0.5042426958840664,0.5843402616631135,0.6108960176991154,0.7157004505985899,0.926619166227492,0.5760750002639823,0.5778745814122443
1423,77,0.7879970550910125,0.8192044648939476,0.7567770859251176,0.4102475972636111,0.6127041903292021,0.7527293141137019,0.7551582235797747
1428,105,0.290962076331282,0.1822748915420436,0.4445618915159947,0.0301759045034654,0.6468453466676218,0.1521435569540475,0.1517197668075029
1429,88,0.4420368354607113,0.1304216379757832,0.5362873955397112,0.2037695437368346,0.8312106751210111,-0.0447176776398676,-0.0393044051997181
1436,101,0.4166213863534556,0.2627254445189018,0.550200803212852,-0.0429470085069326,0.5399303410503746,0.1302735147789364,0.1461197990646413
1437,106,0.4013052200908022,0.3669163754635343,0.5989729022560755,0.3642623000572202,0.783845699267703,0.4225179049056772,0.426346206800603
1449,96,0.3662578421585312,0.2689655433512862,0.2291500114806491,0.2018669055704275,0.8092576780565505,0.5088637577746442,0.510990894977229
1450,106,0.8063624001363863,0.7607834722656079,0.6355088266650235,0.1352542631632469,0.3693522440794066,0.8937190535774596,0.8888237978532358
1451,107,0.4054007371359763,0.4549881194389145,0.4615473202261102,0.5655480351793061,0.7730896192844808,0.3193552044869598,0.3256171176449056
1452,105,0.4364263442310114,0.4563031112255691,0.5471768949377873,0.3098832226521709,0.7649574972629034,0.4307375043768497,0.4310642494671202
1453,100,0.7343515167213966,0.5677050430233749,0.7807998784924497,0.0176065007154062,0.4501271399378846,0.669584175429916,0.6738966227665061
1455,89,0.4536223975960993,0.4041416902381287,0.4437449296493969,0.2235544924939782,0.7587695017291272,0.0972002576455518,0.101556072276213
1456,92,0.7290037669828201,0.6750451468669871,0.4893122915342737,0.6446786595214022,0.7906196262934382,0.8441941542483068,0.8461799664014671
1459,86,0.1379337243571778,0.1103203490091147,0.2651393219016862,,0.7023183518850874,0.119343296807556,0.1191581584081004
1465,90,0.7281895546249847,0.6661418071595925,0.4427021725902483,0.8846556990551675,0.3812272510006265,0.7937103939677443,0.7966418979196129
1476,105,0.4561559687828753,0.2912546446928915,0.6839405772367488,0.6964690795873896,0.822366681667183,0.3944295711842998,0.3999068108128095
1493,89,0.4612385491063314,0.3862386787757434,0.5366015062134923,0.2882036264637132,0.2356431978163569,0.4313203405041089,0.4331574448824694
1495,106,0.4242976970870012,0.1522563931786205,0.4187486064653475,-0.129089606295373,0.4957744949232353,0.2801641772112681,0.2912468714070881
1496,77,0.4318046977958558,0.1777654100060475,0.6424407447221158,0.1685474654531323,0.589672618398453,0.1088962322519646,0.1096352049897147
1497,106,0.3917694141551344,0.3742147957127817,0.3420227049500742,-0.0105893729495976,0.7850946230623523,0.2133008918718781,0.2147766832814812
1523,41,0.7615013607928443,0.7734540590127551,0.5768379408062634,,0.217126402107954,0.6898296444304229,0.6849827539958209
1545,87,0.3880300749997597,0.4809165218405912,0.2770819963742224,0.2189555735437983,0.5119863242081855,0.3622782816176916,0.3607441493971236
1548,106,0.4186585672764852,0.3279777605311064,0.2498608821144767,0.5349146910060688,0.6298036512102902,0.3712381507226139,0.3759548336629846
1549,106,0.2895758340085817,0.1955885201688729,0.5981899528086517,-0.0466220225845857,0.4948385559195704,-0.0676740361193084,-0.0719524642600976
1551,87,0.5784682603321445,0.5987050562043096,0.4944646342431617,0.628444253742541,0.739949471553606,0.6293134790425647,0.6297719160917735
1558,106,0.405851291374139,0.2936847338420965,0.577364767811214,0.2174143303904346,0.6743168805662295,0.203406562737104,0.2071383396330411
1559,85,0.8204423477422322,0.747729041614728,0.6139807909754645,-0.0441910267075977,0.4714383992990554,0.7090901538161327,0.7073762217655308
1568,103,0.6660499559596548,0.5586141223306058,0.6962830266849538,0.1873039341701757,-0.0114671573447717,0.8034677746704469,0.7995108624754477
1569,87,0.2774381310856524,0.0954918414328713,0.6305895469207744,-0.0751603542053604,0.938154310111706,0.018572419540471,0.0259704400992746
1570,98,0.6499803135035407,0.496009618576143,0.5628603423730584,0.5580092911615383,0.8444915764975576,0.6211311017797495,0.6237444834604079
1571,104,0.6355689304222495,0.4428451279527361,0.7720596030269304,-0.0962646181911459,0.738625855938931,0.5765651382390198,0.5827636417707434
1594,88,0.5590878613004516,0.0355996073247178,0.6415626267959387,0.110272593800455,0.6348922376842504,0.0422386000141386,0.0709414993789933
1596,83,0.1972205719341366,0.2540073685993301,-0.0194802315945562,,0.9216137456733652,0.2490421873875942,0.2480707814687014
1598,94,0.5311310424754726,0.5836533431528237,0.4090050573920337,0.3906600075735909,0.7033869274691243,0.7771263762671308,0.7782991093267844
1599,85,0.2626302655726326,0.1813214601881874,0.5284436487981365,0.5416754521121852,0.9363851962429802,0.1069904729405452,0.1045849457859107
1600,104,0.7650649886921078,0.6708198552483076,0.4945945461959235,0.7927950329339764,0.8744981742597513,0.951086533445262,0.9501142658773504
1613,84,0.4543788177784048,0.4434106076860268,0.4571973843559315,0.5962825737341527,0.7627182196208411,0.5838252721399104,0.5874609567764506
1626,104,0.8334666077473323,0.5359337978983653,0.8639812022086623,0.6782318484358624,0.9472256359043224,0.9603950253870872,0.9607374475724813
1627,90,0.5331051255025725,0.4794246961829594,0.5234452166590742,0.7351601560249386,0.3954849533659706,0.3953762790444872,0.408859121295804
1637,84,0.3752049104249312,0.6022384791313762,0.6025292835318208,0.0592861731436999,1.0,0.4414979101559945,0.4431153222708008
1638,106,0.3943904489252625,0.2414641673407921,0.6269501126041108,-0.0731774574172944,0.6334387711354632,0.0565705577562989,0.0577464998009584
1670,85,0.4904476910068318,0.509843942672962,0.5344995069809676,0.8956836572049361,0.860404236181564,0.5309297163425168,0.540192624990334
1689,86,0.5914716937211234,0.5459085954896016,0.4410915418532294,0.8106732250901836,0.2406098847098587,0.506492541333406,0.5136791048891184
1690,79,0.1972349640165418,0.1653925250623525,0.5971550556338949,0.1045889670630563,0.7943795982355137,0.2767401697048708,0.2811285675503988
1693,89,0.721370316587219,0.5892937637676169,0.503582230656986,0.8540117801702458,0.7095653396801237,0.8438515488092008,0.8445861417717131
1695,80,0.6215578697475682,0.3512344443037115,0.6062823892554655,0.6396349792335202,0.933741535717004,0.003660126441675,-0.028109907942925
1696,78,0.3256369061069211,0.1599894911754456,0.3481763508415272,,0.9064794266228356,0.0728335139603433,-0.0238887674719255
1697,31,0.5658540762755612,0.3398869433881881,0.5179697702828122,0.8340932304650128,0.7190475044605471,0.5314238457830676,0.5422078490813068
1702,81,0.6023212349085952,0.3522012954470916,0.6459518724681149,0.3462951788256679,0.6311974153154406,0.3149179328605407,0.3224705598819545
1713,76,0.5028542629276177,0.3209718764387421,0.6184750274345311,0.4083898073982336,0.8140076145933721,-0.0607951088684934,-0.0609536453739322
1751,80,0.7344636749815625,0.418068995072295,0.3964497076069141,0.8176921802537014,0.8714182298891081,-0.0401382272557486,-0.0350983919049814
1752,88,0.5477367860915359,0.4953696884427532,0.6316668221823587,0.4347565765412425,0.7681739777422084,0.5651926593198159,0.5627049658927294
1756,105,0.5184693773343345,0.4855188660967537,0.7236684140215955,0.1755392265588324,0.7290543364434732,0.3230447340396344,0.3264363053137605
1758,92,0.549573757945818,0.2337313795311477,0.4455459437225824,0.2657955315604384,0.6235182609021614,0.2104037432039065,0.2081603562676038
1759,40,0.1849129059150576,0.1793986622807907,0.4129266541521574,0.1300664058768716,0.2201468285677183,0.1666356175604889,0.1735864782700055
1760,73,0.6411842806997083,0.5146061381258757,0.2942194707236564,0.0122738049401836,0.7197492208258656,0.5829320754058833,0.5734447666304103
1762,82,0.3540690141104974,0.3197457218976799,0.4237411061743498,0.3462707792222863,0.7428679130089368,0.1906647256500982,0.2168043105789953
1764,20,0.2882625934473459,-0.1301004413990681,0.8053496702759313,-0.1513904321515857,0.9015130318014016,-0.1879714834788227,-0.1837184000205306
1774,104,0.4489829968317677,0.5076858907444752,0.2754982415005857,0.5900614332841184,0.8141693807387504,0.4083318192777647,0.4092746310635339
1795,97,0.4216035579416681,0.5341624166817089,0.4048176033549305,0.3623021903542955,0.7119701595721966,0.4935414687485518,0.492336292622601
1796,105,0.8754060219991291,0.8289803301429455,0.68606761756807,0.9346242302549758,0.7867586048825259,0.8935848225921509,0.89487968442664
1797,105,0.7126255920227161,0.7090948587178264,0.6955808944193086,-0.1595551053750835,0.3876541870389357,0.7963426174659088,0.7999632904750329
1798,106,0.7279160056902672,0.2810132901204801,0.6616161616161621,0.8189643217987573,0.8841481242499534,0.5976769134398098,0.5985312046524558
1799,106,0.3850583150458428,0.2901150807795894,0.1792278028827666,0.6207717294811674,0.4789423516186488,0.5036734835386041,0.5014531812487311
1806,100,0.7166918591515103,0.6077245775984407,0.4883848505830997,0.6065734115518074,0.941705912203322,0.7792573931597087,0.7801370563976451
1825,79,0.6457514660798823,0.5695747473462394,0.3045654945167149,0.5138800648255905,0.8422003783719624,0.6173504509324031,0.614651365238628
1835,77,0.6119828369356628,0.4753090253554923,0.5993784594345561,0.5881435011441748,0.8585305145802704,0.2546379768134742,0.254347957135732
1838,75,0.6265786029624196,0.6195088604320429,0.599542532486824,0.8086886345415645,0.6236892591053516,0.5856639263121769,0.5908365624014692
1844,77,0.686175311018564,0.6831546335412466,0.4960671652078312,0.327651323023079,0.4809309322021377,0.74174762831853,0.7413328541917442
1845,75,0.7100285006223016,0.4106166541152566,0.7519399890477686,0.906617041194206,0.8583879304552333,0.5755377495340849,0.577499786410526
1846,78,0.5763729052104959,0.4605154219084917,0.7171940616693424,,0.3245170521270906,0.66310937727138,0.6636418006409468
1850,77,0.8791244518409161,0.7467848293959214,0.824159987009875,,0.490553546412308,0.6786457386918727,0.6782403701688706
1855,74,0.3173943866529456,0.4196807503627766,0.7220127063284515,0.1332427096738416,0.2451061468110446,0.3751927041044926,0.371399884131563
1857,84,0.5829513262655214,0.5334946316627237,0.6501691968728198,-0.0910586367557021,0.3938368130979331,0.5360038368658226,0.5370451237156995
1860,105,0.3266261747322245,0.2665623000090095,0.6874451352583307,-0.1340827266097986,0.414405891458481,0.3639417858907285,0.3587657494555574
1861,93,0.6957481549197131,0.6257895565564718,0.763007392185162,0.5508318063358095,0.7263407187539426,0.7705152151064442,0.7723184639618053
1875,106,0.637603671045834,0.6817032703774659,0.7700390547054758,,0.524659346303521,0.730517642195727,0.7320722658706403
1878,89,0.8091158352203048,0.2523163811651272,0.6519694297472067,0.112656933839855,0.5028321211331165,0.8216514964773504,0.8272806080846666
1889,86,0.6318279400032751,0.399286340162942,0.7560791130181823,0.4227189952991582,0.7327469315807549,0.622436220626809,0.6227701026255986
1892,79,0.2492542531585109,0.0914913563068999,0.4123871774484227,0.1941519629353983,0.8547272108816996,0.3517182852093731,0.3468185458742717
1894,75,0.2498429410952866,0.4984211253909005,0.2598920276177596,0.4291559555858831,0.7007412020700241,0.5396610790192223,0.5370282434360195
1899,74,0.4815768272813235,0.4476393526210844,0.3885625822727234,0.0853523705782172,0.3696659475055319,0.513085430086135,0.5173052655430163
1910,75,0.2630619550674749,0.1447229486552895,0.2570238369171618,0.6561318438109774,0.8607248007209773,0.0832631299999934,0.0899970069087233
1911,68,0.4255422855352472,0.5357427954549203,0.3934217763239042,0.0606127397796062,0.3467354480583756,0.6459430613105775,0.6433808914829102
1913,68,0.1894970801955179,0.4055169652645639,0.2703618693364229,0.1593503692847929,0.7845700789484065,0.3468572198107077,0.3528595899667508
1916,73,0.7358245454805475,0.722230190530647,0.5725447752020314,0.7511232096234232,0.3436761676851711,0.7422640840857683,0.7436385225042157
1918,77,0.7968018709183524,0.7786905579875082,0.7895601620966336,0.4035381398328781,0.6485665537840222,0.8457484642671093,0.8443917266661691
1919,106,0.76689756777084,0.729844156488001,0.569595312002079,0.6809124377059906,0.2605343887513328,0.7445226767498258,0.7457193005303997
1920,78,0.665070345109923,0.4924393250797876,0.5948157162312093,0.4505200135800676,0.3133036557426995,0.6150369127449644,0.6147268885117952
1921,73,0.3958319812966701,0.5199356020311053,0.4783024854093667,0.1657431264199455,0.8131656585762653,0.445089837079586,0.4526822378935938
1922,45,0.660737394020651,0.4578563572850764,0.8754596114954752,,0.3783619518798964,0.5490854893431132,0.5500408332491572
1923,85,0.7246642092493542,0.538731298942725,0.68851277369975,0.2185688127096427,0.6444048542775237,0.5667813051690763,0.5713908593538671
1924,98,0.6051047661797319,0.4124046561169806,0.6828897375883084,0.265054689367817,0.7327365748618053,0.4683940373978094,0.4710798927515397
1926,105,0.7018506611004519,0.7330198114760265,0.7669473409956384,0.9727375156212202,0.2966108287075462,0.7827596381127615,0.7808924334040597
1930,106,0.3087379079288835,0.3778353574802305,0.5308510638297875,0.4034999529881661,0.8796378423246717,0.0858339441427726,0.0931598864888638
1947,69,0.6836150029206931,0.7059556147225794,0.4004205006934718,0.1792095955316016,0.3038289791107398,0.6435420794888969,0.6470895063463122
1948,84,0.7857211372396343,0.7072233363214914,0.7411350728176838,0.5959939099469601,0.4869950206741235,0.7377515015829754,0.7375770598868916
1950,65,0.2280991664865047,0.4367206164539148,0.5036376063724795,-0.1014067383520521,0.373702305924402,0.4741559477963663,0.4667725880299362
1963,90,0.4157076990091505,0.4401747980216979,0.5592593052626632,0.1747148482912186,0.505918026120672,0.4265722571816865,0.4318167632367313
1965,70,0.5571684535934769,0.6040565245775924,0.2820081860591367,0.6106609820084521,0.6611574138639659,0.5019408446743574,0.5070890455106568
1968,70,0.7116317382058763,0.6781318797787889,0.438472475921515,0.5589777557071344,0.6143843323932212,0.6633699877090102,0.6625392980501973
1979,76,0.695552031378734,0.7355241341766201,0.7068102540016213,0.2344848073051889,0.8749423990884507,0.6595896321093649,0.6638850203439526
1983,67,0.6599517329488438,0.6109995815316659,0.6455544286382293,0.1082823419605098,0.864198997279109,0.2854348126065711,0.2906997931351788
1988,82,0.8215036819225942,0.5349755501475354,0.8060292612419855,0.4960789636302617,0.8504414167918654,0.7611493468756962,0.7641829707347918
1993,53,0.7670338619498545,0.5630352571884769,0.7793410454853232,0.7050894631845116,0.5884806226293835,0.9331400220433264,0.9338179874809054
2020,89,0.5391978488860728,0.3396547397003009,0.439711414340838,0.5307511553452449,0.7054012142199267,0.4863020531495168,0.4958047103349414
2021,89,0.5438755135360717,0.561378899882524,0.439103367610006,0.5267982218521537,0.8177211971574975,0.6658345384641543,0.6688865922552442
2035,93,0.1053533239972598,0.1751054026650827,0.0478302963568195,0.4768547404556476,0.84233904872025,-0.0442414217036494,-0.0417909915824337
2057,70,0.6706879462219132,0.6300457480320827,0.1840093976995096,,0.4939755729033012,0.7320546007655712,0.7331523878352534
2059,67,0.3027237543322384,0.3101819867573546,0.6232499380348986,0.1621215776763587,0.5896716866839946,0.4960267120225302,0.5001073049676478
2077,76,0.7025744072880276,0.584170200176579,0.7343382058878832,0.2942945891219315,0.5886995126264314,0.6304234011212073,0.6308426275591118
2081,64,0.324538712248261,0.1535365735623654,0.5851553187107877,0.2456124818570217,0.8238056726925952,0.1209738993540607,0.1216071947533189
2088,106,0.7041724779032021,0.475206304406447,0.770825140376222,0.5372201463037234,0.8548165383170054,0.6624187356334011,0.6659983153425807
2092,105,0.4951242500062488,0.5931197311941975,0.6581755148622255,0.0761149813092062,0.4452895239856374,0.4891767368271423,0.4861004469419971
2094,52,0.4740244239344013,0.4181577905663777,0.3858536270760125,0.7503303023464791,0.5278557782867497,0.2400624831167365,0.2383062082413445
2109,61,0.4583155496450239,0.620928211978273,0.5154342865975288,0.6787807221801004,0.4245654513169671,0.5472878861943847,0.5499480599822698
2115,106,0.4944817270375414,0.6066534526230701,0.2008667639645316,0.5157013926524336,0.7340962274397562,0.6716866383895431,0.6759174168111514
2120,66,0.428043468225769,0.5388979325211125,0.3675577893627173,0.2361148423687149,0.8034433527285121,0.4018981362720852,0.396533057658646
2121,81,0.5624269761970311,0.3787901211634551,0.6644150214270762,0.3313657827930977,0.391540328274595,0.6223607323378253,0.6144356890891074
2122,76,0.476323053008247,0.2393475754847485,0.6939751041442991,-0.1494441867241139,0.8091835341137391,0.2535385726493903,0.2707433707545626
2123,81,0.3239812273632361,0.2113422266718953,0.4555516961375127,0.1503600998563443,0.4787435138857799,0.1827424306230564,0.1904120911142163
2124,85,0.6152608417236677,0.6366267769025301,0.4723846074333743,0.6182095269904517,0.3278352128354606,0.7073355379886436,0.7117770579421194
2125,106,0.6800545790279942,0.572844907257329,0.7164079843622275,0.3324453504115257,0.678373591325623,0.5842121765618221,0.5815680168217966
2126,93,0.4381513684571785,0.6384247644100358,0.2353261517413404,0.285852077905,0.421581642941545,0.6299256039955152,0.6259635112327957
2127,80,0.7325880795371121,0.5995156000705281,0.7589140961990147,-0.2689729963001326,0.901508214627008,0.6268302796894589,0.6312105399708122
2128,106,0.6641560912089024,0.3867908204899671,0.6277312867025919,-0.2042911545876464,0.9828496400096028,0.538592210470927,0.5373534922047165
2129,105,0.5481872545443964,0.4074238096724328,0.6326581641255329,0.4104722492593637,0.4086676089261846,0.3055415195731663,0.3049171174282556
2130,105,0.849973166903945,0.8238530568164851,0.8113249443121371,,0.5613813157495203,0.9071870321716096,0.9089439188963664
2131,77,0.4994286661130366,0.5087862038406599,0.5152727659684598,0.5132831832296499,0.5345713138743664,0.6484814165970726,0.6417292649126495
2132,87,0.4829482457398303,0.3840269989015396,0.6069272382865993,0.0489910362001324,0.4896045876672024,0.3408698801488827,0.3489745397732677
2133,79,0.641424053040294,0.5899458226240282,0.7278080841321558,0.5224905121166946,0.2312814279275526,0.6275723434910783,0.6290824955384101
2134,106,0.3300700646690762,0.6216888204379847,0.615053601520034,0.0563462942271475,0.8305713069323429,0.4658388693871902,0.4689618632141745
2135,103,0.4757434056514323,0.3881697880742716,0.5241149020509336,0.689672402628495,0.7856114482708269,0.412774609691215,0.4193765234352949
2136,106,0.7372253676720419,0.6968649316664274,0.2096922339800133,0.7987938425898833,0.7658675309661462,0.6339443179976199,0.6357220306712524
2137,70,0.6052187978214657,0.1501537083934893,0.6608513202404394,0.4138803099663726,0.897279206099199,0.3423546797551043,0.3422259913669112
2138,106,0.6890044867933937,0.2565329844235904,0.4593631178707219,,0.8924814184809593,0.7173400272936328,0.7162569418990957
2139,106,0.5569793205563535,0.5661086079466168,0.6424758170024948,0.4764841382335898,0.8830312470318563,0.550955493497518,0.5536253056645287
2140,106,0.6726695469415789,0.4842399609970204,0.5185610314673111,-0.0655651312918558,0.5843138947924754,0.618725651326504,0.6222936609616462
2141,94,0.2592961527635835,-0.0494195876015433,0.610911034790737,0.4226265139399716,0.8894767086585843,-0.0829192490549343,-0.0790912461499239
2142,47,0.5470276472321157,0.514887067992652,0.7384246387178339,,0.7856182623299154,0.4029643246665841,0.4045808382967575
2143,105,0.395443198693063,0.4792857608224962,0.4730235504117001,0.6624168072455497,0.7024769227739599,0.3166329740109219,0.3155488703889232
2144,106,0.7067525202495522,0.5038448831729045,0.8055719816764432,,0.8465826232615958,0.5552173282432736,0.5615025634922032
2145,77,0.448784474046325,0.2070733907125753,0.6420145959677223,-0.0655117442419056,0.4852478419691992,0.3893830727943128,0.3862082556235269
2146,34,0.5760534406282141,0.5380649914723649,0.2072882405789128,0.6879582338918669,0.1445284009386727,0.3961436371216557,0.397414431559619
2147,78,0.5847972598002689,0.5230687647166298,0.6236322025274766,0.4866641323128561,0.7250731626236802,0.9041611251291972,0.9043326905071304
2148,98,0.7289674725073516,0.7000744944947854,0.6039555547078783,0.780285857975038,0.4035366048823625,0.6782312335125037,0.6806386614725172
2149,106,0.312426282532082,0.1448645996260824,0.440985061768036,0.3222133546343763,0.4927597802540883,0.1409772542587034,0.1392481119973393
2150,62,0.8292760113995893,0.7304581413489957,0.6099499136310099,0.8411726619014848,0.7966509094881309,0.849456646853911,0.8481766109730001
2151,68,0.4332302764094886,0.057912406811379,0.3371495687321553,0.3178453413547583,0.8992367341020877,0.4128043013380463,0.4056015580645778
2152,76,0.8775971983002196,0.8704240410877132,0.5377158767016462,,0.0719090651784527,0.7155297342481513,0.7125473915102509
2153,74,0.7114324790509956,0.4294651111374644,0.3733269941459475,0.4007914270136778,0.6618123858396109,0.7310615614897377,0.7341779994740689
2154,106,0.550340398937522,0.1222643482199219,0.7726731697227639,,0.7329003363172106,0.2763356062510546,0.290207093832144
2155,75,0.3711851436765092,0.6097921247320269,0.4388968968885758,0.7673463046483879,0.2514722839613067,0.4075746285550826,0.4032576979697637
2156,88,0.8002263945504927,0.6212897434374175,0.7253899671520233,0.7820741334485302,0.367679286378072,0.8744197723146091,0.8759202469257157
2157,105,0.6186250922777117,0.4809593425929966,0.6232875997305188,0.3296402338365971,0.4287059014781115,0.5269364060989297,0.5296111695105322
2158,57,0.799841983597518,0.6393283143228284,0.6025168523817461,0.6684567426709511,0.6314176902178424,0.5924632397566196,0.5912282257117308
2159,85,0.4069871713181326,0.3461752974378945,0.3093669441462176,0.3161046425514394,0.2872301982679351,0.3619177309173482,0.3701046322425229
2160,105,0.4358865072387446,0.3169369383773919,0.394040897077035,0.5535785112819681,0.8734437941382561,0.2372334544729361,0.2485367253305624
2161,76,0.7981988091136876,0.6318911462726841,0.7490645207523845,0.0625112929538193,0.5121816059512306,0.8217287433567448,0.8284785541650971
2162,106,0.7598782651239787,0.747836125409251,0.7605978719810846,,0.6280972054486271,0.8672282735923653,0.8675504375892926
2163,88,0.2949058311835216,0.120419936074941,0.2096011497623206,0.1656270233353569,0.5446159302659359,0.1259219798851824,0.1290837170763376
2164,86,0.5320745597903315,0.4933715909142468,0.4721879000180841,0.691913033275472,0.7341435793951057,0.677504811138793,0.6810760206851457
2165,105,0.6276546549582462,0.3357648555655104,0.6180321453110271,0.3947553637137166,0.8456927820097403,0.3679158272014936,0.3844783150880402
2166,105,0.5687603804509312,0.229897443835996,0.4379064474096088,0.0570765863667498,0.7733735821345974,0.4046708985673026,0.4156744435811776
2167,78,0.3033951991008444,0.2721397531135522,0.4286821705426357,0.1689199116568335,0.8620415454864955,0.0577732667685516,0.0719019822563143
2168,77,0.5641442549896768,0.3571618148647403,0.6284448660170633,0.3474921826397248,0.5669641424828266,0.5742288314133714,0.5765280101920834
2169,106,0.3330190655756446,0.3905934735547191,0.5145922515673989,,0.6594146895500477,0.5349926932972106,0.5342577606462731
2170,86,0.2991164561887377,0.3423024561975118,0.3435997477480961,0.0528922947231082,0.6215518176665766,0.2699968348159022,0.272376354426321
2171,105,0.6982869078187939,0.6398989288894884,0.6568112153690548,0.1960020076474582,0.5413923460978132,0.8282883419553451,0.8316428630052027
2172,94,0.7250182141076769,0.6412404703804034,0.3652143938744073,0.8212943067711965,0.8411799045154715,0.7880473583550474,0.7870714262509388
2173,67,0.3579691665831703,0.3616704850464501,0.3914652709590535,0.1707278418560067,0.8029630207909998,0.4300320021461066,0.4364125928420422
2174,102,0.3660716199222513,0.1115219675131481,0.6678920379409226,0.1897993859777551,0.6079050212469668,0.021916264279957,0.0239519546222584
2175,93,0.4833428883103382,0.286504414956285,0.3002038377906635,0.2018695714239745,0.3631096740003168,0.2826020648708086,0.2735014024513171
2176,76,0.4969054871435454,0.3537268707526583,0.4162353936243733,0.6031853735789252,0.6341034987546942,0.4101078866760855,0.4158568056349273
2177,101,0.8379283490336763,0.8139360533323723,0.5776166774423721,0.0843380768532998,0.6795157031017546,0.6413586050796578,0.6431129251483715
2178,36,0.6023840928746885,0.0222302165335333,0.4824304476031439,0.1350871791418041,0.0596691466757408,0.0084302170167063,0.0010837745963169
2179,65,0.3838252895355015,0.2272802719111034,0.77324129762916,,0.353118347799266,0.1458108421274957,0.1578196454851003
2180,74,0.3903855746213824,0.4033103844337999,0.3921043324483361,0.6917091563567457,0.6334772513668582,0.6115841438119766,0.6071859238524294
2181,79,0.4560915842685732,0.6383111963957012,0.5992625992252454,0.7486836214883309,0.5935718937346428,0.6807140012418682,0.6803747411459216
2182,106,0.3401153793510237,0.0613250481816485,0.7707533991824903,-0.2447934090889927,0.7159201775480898,0.0643135688639247,0.0713553205046358
2183,106,0.7775591226707019,0.8049081224203314,0.6925266483625545,,0.8063039583357761,0.874570353318164,0.8753544909374626
2184,106,0.8350893717467259,0.4883324823186035,0.7859249409419821,0.0407638240191267,0.7510942853987707,0.7087119872784197,0.7126907433260351
2185,102,0.4893418953926245,0.1234733768476744,0.7002136568536131,0.1488115697065514,0.7953439597441316,0.1668501877273782,0.1762024931941751
2186,77,0.7747296494257917,0.3214929501184934,0.5489428253833561,,0.3649866876574151,0.8680731398478413,0.8664283818421725
2187,70,0.3271001260183665,0.3157044611812244,0.4117266195936964,0.3374744913410145,-0.0328447718518017,0.4478939308022937,0.4371723054717297
2188,68,0.5926100939038396,0.4975466481387024,0.7544368394719824,0.491935975972341,0.7466889132409962,0.6689590482451152,0.6727705426257986
2189,106,0.579816536697553,0.4104284702430049,0.5194636431218822,0.466411613612429,0.7727700108428449,0.6501673424056358,0.6537569537233597
2190,78,0.7249505763020543,0.4797796205576728,0.8078645047019865,0.0709627422749488,0.7152628545992241,0.7692618185821397,0.7736670673638467
2191,78,0.5829846946486807,0.4062812774312073,0.6538399273388316,0.3090742829471216,0.861981799241283,0.0659186055576964,0.0623371702305777
2192,77,0.78268997092363,0.6370565761020652,0.6777099522835361,0.6103087226477295,0.7740550362521323,0.7203353232436629,0.7209927674146119
2193,77,0.6649354373672699,0.669683541452971,0.5854197653175203,,0.7580875440812356,0.796477691417655,0.7935455470875452
2204,106,0.4555647989253041,0.503665227713033,0.6407761517503685,0.3051151103898541,0.6162483407698512,0.4148809242264655,0.4056035627200821
2211,54,0.3322853114043648,0.5754545621028577,0.6670297085366332,,0.233985731173607,0.6936671769967332,0.6935132579602132
2212,58,0.5239300189956277,0.261255518087168,0.6319637101432222,0.695284097556479,0.7791436883786169,0.4742548722076341,0.4758926449799878
2226,94,0.604027665837405,0.5220277089564143,0.553754376864219,0.6293184712544612,0.8046845754437733,0.5279340282229099,0.5295776114924216
2228,87,0.4554264333481181,0.3865748732619255,0.4269386695945914,0.4872483598014857,0.7438487755523647,0.2863193111197273,0.3058853673146231
2229,58,0.4613949482312899,0.514291733468961,0.2314758031900247,0.3741855315398627,0.3963394538715682,0.4874111901949509,0.4810484359233274
2230,106,0.3944042711486581,0.4685403680475204,0.3255114789728829,0.0221776950591301,0.3490401868376728,0.5202253262493024,0.5190854673001141
2239,74,0.5733791460820976,0.5364311130002041,0.5283237287190027,0.5429955403804209,0.2718714065609529,0.5556688601343146,0.5571767708051734
2240,106,0.802601863370642,0.355067805668132,0.8941169780896677,,0.1093150153911885,0.4335685791755269,0.4379402466910724
2241,106,0.4556125060254249,0.5280909126748047,0.5836793053662178,0.4429890198057646,0.3677977330812818,0.4545168941497737,0.4525839203741034
2243,106,0.7894489951501905,0.612234481671868,0.7552403887944268,0.1697427831314739,0.875753945800752,0.8828902048190774,0.8832313894795707
2244,106,0.6875952813934789,0.6020766988410333,0.7724801405843623,0.0917827469108998,0.5983381932319027,0.6636290735606261,0.6689457022038622
2245,99,0.6742459865567348,0.722729923391558,0.2392889853127797,0.6403503408036694,0.3924712057976992,0.694907762357536,0.6951638169118688
2246,100,0.7554369882766923,0.6930011335779455,0.2449382448885055,0.6750823001728071,0.2404106652146941,0.6622458033824535,0.6639405095976616
2254,105,0.519425139366027,0.4208490618972201,0.7371427507408185,-0.0136875984569769,0.7575879869747878,0.3445164282315252,0.3562175487532134
2255,105,0.6321161711208689,0.5730901765182517,0.6721018663617171,0.3690621667744305,0.855559690620447,0.7832894374191343,0.7837352370459522
2256,75,0.5087712105743056,0.4324674688816895,0.5301391498565015,0.3215657332207816,0.1263483743879631,0.56090811269851,0.5673728979112849
2257,70,0.8024428412510326,0.7814775732427929,0.6114175077635808,0.7885022071113529,0.4652028710626122,0.7319229187455955,0.7320737072683204
2258,104,0.6650174256509783,0.6625813004326788,0.8212775187072984,0.2992614193974451,0.8638636283535852,0.5947845708598046,0.5923421481554286
2259,105,0.8294870230015973,0.8104428471888424,0.811204193659352,0.7965478916381945,0.8062723935843406,0.8708475071850014,0.8726979152892922
2260,77,0.7403159485135707,0.5577507962050756,0.7410676575626686,0.6230651573107809,0.6812511634846397,0.8948758453973458,0.8957625592313387
2261,88,0.8754556626445974,0.7274028880892547,0.7374506387189207,,0.92684077074523,0.8262957689221239,0.8290390159037205
2262,72,0.6898458480994695,0.6536017876423292,0.6808564974493599,,0.8917384506614894,0.5497722540984009,0.5487554105734357
2263,105,0.8250043199513319,0.8340515404812203,0.8068777012253892,0.7873622318671358,0.8866715704210089,0.8115486252442683,0.8137406288641987
2264,77,0.2912711041370034,0.3880155445138836,0.2543603467809621,0.6520364751627055,0.8287621237391999,0.4429585636615959,0.4406835234443343
2265,55,0.6559721093099421,0.4410715450408471,0.5132617005409691,0.3463655465994836,0.545492029787876,0.3377408670390187,0.3472879191797108
2267,62,0.5146692902804497,0.265020560241765,0.3237045548594207,0.259136264027167,0.551018140832053,0.4301969026730655,0.4406079568744921
2268,75,0.7872213587721189,0.7890185984008173,0.5025998651686706,0.436474701031831,0.6565492433305481,0.8503484478243286,0.8506058979414923
2269,106,0.7523298605790345,0.6649348114356693,0.7621378033021377,0.9673133992577904,0.4635682148493779,0.8890764757765282,0.8916856801182975
2270,57,0.8126337755871207,0.7397049911406971,0.6605912846636128,,0.5524061823567978,0.8090500804761387,0.8084153702131732
2271,70,0.847997850115356,0.8073185461462222,0.6313992452600803,,0.1057304946083434,0.9517997851284096,0.9527973999754176
2272,91,0.3598503393353509,0.1192744300710969,0.4792899408284025,0.5815971256272421,0.4932099175425017,0.3608866974093772,0.3632195602747156
2273,73,0.6770015702003341,0.4109708220547335,0.6872704873321483,0.2054826856832106,0.5897033884793049,0.5894970873511771,0.5907480566036893
2274,24,0.797361984693983,0.6255436922454094,0.7691160074403148,0.7515449371654686,0.7008538489738617,0.7589777311552325,0.7627309963172085
2275,106,0.5709893778713959,0.3941521510796984,0.5724217594972194,0.6759850987556538,0.8485178391818982,0.5402790406497878,0.5407281398481797
2276,77,0.6959285234841902,0.5935995087608209,0.5016107760927795,0.1611563307020935,0.0659875478965511,0.7244280244818904,0.7261747221130319
2277,98,0.8321515414918322,0.5921921993004428,0.6749411184415339,,0.613389191581566,0.7965556729542537,0.7991347122420049
2278,77,0.8081658623767143,0.7408255901851742,0.7356274306153616,0.0659562724356927,0.4923702547479986,0.8939903991277324,0.8936785911102352
2283,66,0.2456200737131559,0.0607454421213423,0.3285050342356324,0.5205276793203587,0.5595538229006984,0.0891908127040878,0.09286295833559
2285,70,0.3747690088555403,0.2364250114527159,0.6634965977316803,0.1368980090189523,0.7069438305254705,0.2411413800560302,0.2412705669583755
2286,31,0.7734328687238461,0.7705397242184503,0.616716053003184,,0.3485664674052658,0.8916770663957531,0.893411135596454
2291,71,0.7155589372330511,0.6648793195526507,0.527398335688491,,0.6810525732969938,0.6390961927631496,0.6398443321138156
2303,36,0.1200472979473467,0.0468469052574291,0.3142497474470098,-0.0100988410230903,0.8012056535075279,0.0233536199414506,0.0299977460329352
2304,77,0.6155186213969656,0.7013815889779517,0.6237687201289764,0.9429918989086972,0.5632299990477106,0.6433707685042952,0.6464307367205516
2305,59,0.4173590075880395,0.5101202628518791,0.3360552843058992,0.706298987629274,0.0984103127116362,0.5545662046155003,0.5530945342427688
2330,58,0.3769834537107677,0.543373749724461,0.4269046247033047,0.3611116651460079,0.9176054955290338,0.4877140409522731,0.4946803041808953
2331,63,0.4874255459258257,0.4091782317495045,0.2989890614435029,0.4759931898532066,0.8991562763584154,0.4741319875303122,0.477647779607939
2333,68,0.6070665485003558,0.3643599345575994,0.509923953503807,0.361699517165172,0.7025005253319869,0.6387430430098386,0.6436732592999762
2341,68,0.7279458965500615,0.7669277012480274,0.7947266934244624,0.0779609437016513,0.4534594967393096,0.6609542036078203,0.6645662796104326
2344,60,0.7267486536072296,0.5998278274924703,0.4264982632283484,0.7886753973150473,0.8085181526881924,0.6949466163188884,0.694261962976979
2365,53,0.3423783535149434,0.2077222065520121,0.5220816497500856,0.0036684198836143,0.4412725209172018,0.2523150693492939,0.2596231000241099
2377,60,0.7553785557539294,0.7197700688565327,0.8379921616265082,0.6777850041782587,0.6390719059813993,0.7475608714622267,0.7535370954387887
2384,44,0.0671628258732614,0.0831413254112733,0.2012318355007629,,0.9277448456357742,0.0957377880582414,0.063539001356553
2385,64,0.4587080303214676,0.0881722673929184,0.7977367674633141,-0.0631032341892546,0.2753183534349862,-0.029690546368739,-0.012745703686157
2386,49,0.5143502832283885,0.3804166633356812,0.4055700865846451,0.2161498984785893,0.4432411529816707,0.4881370558996014,0.4966528231172709
2390,58,0.1941005733980864,0.170124964888155,0.5309888987554295,-0.078284195372337,0.6403596670509459,0.2748101221358887,0.2799229168405233
2407,50,0.5229554124908194,0.3548367914057235,0.6191620110744316,0.4803264420098561,-0.1224725157508486,0.5903538926629267,0.5928624010757587
2410,42,0.440316217596897,0.4177927239680198,0.3157654464598923,,0.4080897709183179,0.5997654024360001,0.5993854056187807
2415,58,0.5948361946878133,0.5085698469588652,0.3980916820052801,0.6220602223047544,0.3797311682962659,0.5905443411477788,0.596113618661675
2425,54,0.2225627822826487,0.0571230783013615,0.253132584054962,0.0049780013088016,0.8087614169808015,0.0667903942731084,0.071158548954546
2437,58,0.5474507360500094,0.5280757732563106,0.837051522587055,0.2678041305098454,0.7376442016391204,0.37810246185268,0.3836236965063946
2440,82,0.4705180816303162,0.4611612784288312,0.2696335078534033,0.5521056610388294,0.6879947518121365,0.6285471930999591,0.6237754079027947
2448,42,0.5519362057446837,0.5609295346351159,0.4140862993355737,0.5962594622826899,0.7580185626474272,0.5396419337753777,0.5341224476873008
2459,41,0.6349851634312803,0.7604820771942056,0.6253889603298772,0.1819088682329815,0.7572062208727043,0.6008811935778942,0.6011025652848827
2466,40,0.1232954130283937,0.6537680834254135,0.5092524971193012,,0.1174550489781694,0.5323931290459103,0.5312292850741842
2491,54,0.6704021138818843,0.4042148365455488,0.5792767237018697,,0.6323881553300833,0.6588005479404514,0.6622050179062202
2494,38,0.0795817211822493,0.2498088509379822,0.4720370991428519,-0.154612278582581,0.1724856739141853,-0.0788306176565417,-0.0922356448026368
2503,54,0.4613208958256404,0.2179982079667724,0.7820860858835985,0.4901123527206205,0.7430008792397814,0.226901434403524,0.2362572406886246
2510,21,0.812713073663368,0.0067348281245672,0.7159078603997695,,0.4947272705147542,0.7446167572517828,0.4977640088697047
2528,46,0.377675264378106,0.359923687803912,0.1543598763951745,0.5024852173367658,0.2640221414929308,0.3841450785584777,0.3930523919205977
2536,37,0.7349907788735018,0.6153644194123893,0.7574507898070333,0.7472686591203778,0.4396423933519227,0.6113134592376862,0.6135756913861716
2541,44,0.2023868038666773,0.1973915485864616,0.3102658111824014,0.0287322521231834,0.8261470608424252,0.1560023061405865,0.1623518192303322
2543,105,0.677984359861174,0.5890876712755642,0.7198393168429889,0.6200981283985472,0.3764240005521099,0.7277517572085445,0.729573127927303
2558,98,0.231760346775533,0.3445971965775116,0.2680834542989618,0.1086101697072916,0.2380525636461224,0.3830183554492737,0.381438125102907
2563,33,0.6819399042566271,0.4651285621491497,0.6724326918339717,,0.0111423622496659,0.5971923732649733,0.5929931233874706
2591,46,0.6279728111473549,0.5260800475559725,0.5935010060251443,0.5741161117127992,0.8165720688798845,0.6653883492414243,0.6777829607765541
2592,65,0.5956271233633496,0.5756679534676016,0.5838075436927455,,0.2641104033356715,0.4316908523373838,0.4327939338676558
2607,98,0.4432300248253948,0.2568483417107405,0.3886776770251501,-0.0696988766174614,0.9329832748118178,0.5084340993964894,0.5206441114096904
2648,47,0.1388519464936138,0.1261813922911188,0.4384442424041812,0.3621856958593265,0.6187158822150424,0.1334703432933364,0.1349955332318551
2664,48,0.4837449314128684,0.2722705513721924,0.6265334886792571,,0.7799570910777304,0.3048556462471186,0.3104001510874118
2738,30,0.0897650686140343,0.0596149209371903,0.1084142394822006,0.4358862006328183,0.8607299571374099,-0.0110173730175697,-0.0041680100318745
2778,42,0.8168140388968826,0.6810936941387391,0.7791829663942217,0.6405980125736864,0.8826350164520004,0.8240471945464061,0.8245046152132596
2805,30,0.2098780566436851,0.0016086326321342,0.4659300184162062,0.1211216937043394,0.4218164695317459,-0.0050035952840379,-0.0061672205914838
2828,38,0.1697413190257687,-0.0934043517786122,0.3153580723835106,-0.3737746589704817,0.7826587772558242,-0.1513181093180583,-0.145069940080691
2833,105,0.7188643805200907,0.7325295432764102,0.6333054030653615,0.4517085024973484,0.7050212904800605,0.6366550670968969,0.6364117219936245
2846,23,0.6454571358438903,0.5635456782598082,0.5461282420903433,0.6005474412184255,0.5793066888347492,0.638731264810054,0.6395898603817075
2868,38,0.1686704672752506,0.3181649700878541,0.4131297199420835,-0.1291785039046235,0.9546752066760824,0.1728701567941404,0.1846045572673708
2871,24,0.3947757862322639,0.5171641298653438,0.4080882352941177,0.8236668405543495,0.8998919096870227,0.5970919864985667,0.6011590472461683
2891,28,0.5941934373097874,0.6501741849110306,0.6507953723811402,,0.1518565847498711,0.7478241316183339,0.7541423600922808
2913,34,0.0592768704752044,-0.0620414587553806,0.4637091523902359,0.1171999115508965,0.6937704113897614,-0.0970320306612681,-0.0950065756421757
2914,34,0.465335888277127,0.255333753649031,0.7939168193551118,0.0943681191091053,0.7456634637528244,0.2904589802038763,0.2868954731525348
2925,58,0.7124311372607336,0.5205200824366595,0.5523012883766251,,0.7390933190208469,0.5481935152567315,0.548348044457676
2945,28,0.6566083720029289,0.4418052117669816,0.4221407010621135,0.0518218962361253,0.2046179768651929,0.5587621205734106,0.5692329379281951
2966,44,0.841961732865199,0.4945703811894313,0.864853925780634,0.3627197076762935,0.1986561653337844,0.655781057949399,0.6489035756251144
2979,42,0.4371288533981906,0.2998803905708802,0.6482771601038685,0.7020220413324709,0.0977811862579302,0.185712879154917,0.183090623826997
3052,65,0.7625820497092973,0.5461703986918236,0.5234565861638802,0.5491028178395823,0.4827107171590468,0.9229636148471276,0.9246247588185136
3061,34,0.3838008422378839,0.4515190240143923,0.0856423173803526,0.5765972291170574,0.9740617025859908,0.5919760131520573,0.5941942668777891
3089,14,0.7169666205324845,-0.0326052218470755,0.6802356186604829,,0.3093248145330228,0.0527011046565678,0.1787578287969556
3104,18,0.2371331530783373,0.2059884424341934,0.4960474308300395,-0.0547543711337494,0.3539156951342431,0.249279665938636,0.2876532740499558
3256,57,0.4389513418892702,0.5592294958821297,0.5831730860457338,0.0142569331612694,0.7583186924774894,0.635864657081857,0.638812908419929
3257,75,0.5563664722548209,0.5594316090078075,0.5479303778834586,0.497447732813396,0.5469698722756261,0.5506001420667619,0.5554636977511566
3276,14,0.7880737617401256,0.4462550636719072,0.7788243274846106,-0.0450025470376881,0.5200666702689635,0.6329333428642595,0.6397338769166498
3277,94,0.2656240779873244,0.0887711480616821,0.590192893883892,0.1573720626163191,0.5392284511412841,0.4067784745525338,0.4065127632283101
3278,82,0.834907529672226,0.2870928537479871,0.672245723744711,,0.6249682321479623,0.6449624827502487,0.6466515190309567
3279,75,0.817729897500041,0.6893596700864083,0.7296524375778382,-0.013220392578504,0.2215037900516438,0.8716450299069418,0.8746524248759425
3282,89,0.4864826917012809,0.4858440661407198,0.2999032733847471,0.2078258349813926,0.3008125736231461,0.4121599168682509,0.415773426122418
3311,106,0.8094660916469797,0.7267211378681029,0.7874120412400334,,0.7068097370161782,0.8406718261648677,0.8405239699885916
3316,22,0.0074047943179213,0.1203871976964009,0.1944222209522358,0.4298637314432311,0.6244256015270941,0.0705166723169885,0.0732231674524321
3318,26,0.7295054042844491,0.716290779689438,0.5253272954288751,,0.3271081273790932,0.5799309349643199,0.5788838395696183
3358,26,0.2780748694646475,0.6119063905869218,0.5744006058972043,,0.7192882965751359,0.5184128196981741,0.5203437154163305
3381,106,0.5334748613689976,0.907899385692305,0.702063628546862,,0.5827737924369482,0.8015814668781951,0.8023199984045304
3382,85,0.6918565729924814,0.5688506968097057,0.6428360736919845,,0.3878516338167604,0.6595035017492954,0.650376609371072
3383,106,0.6841936312210822,0.668305526833669,0.643677277638379,0.3449474948433905,0.5296316118788722,0.6703367118809376,0.674623269813336
3384,106,0.4117773920599247,0.4058987213816413,0.439255093215212,0.7408469811793604,0.8975825245802984,0.6558129323486532,0.6561851532225591
3415,18,0.4431225300581837,-0.0752498760104932,0.5807174887892373,,0.6634329056952023,-0.1075221770726664,-0.0896326757591427
3421,18,-0.2420410489566987,-0.3718545594976117,0.2094116892342676,,0.7173554654553554,-0.3546755527532108,-0.3648889006927254
3449,10,0.2001351368943883,0.673647449266682,0.2309401076758503,,0.2523375094895813,0.3973592622376094,0.3985547413083523
3461,26,0.3759981528856231,0.2748389582081503,0.4762896722078404,,0.7071292983870895,0.1712736039184964,0.183042017643132
3485,8,0.1993559510266792,0.3074061760526047,0.7100469468046932,,-0.0520274990593597,0.3006418615607116,0.2783040175756384
