archetype,delta,composite,alpha,n_finite,detection_rate
scale_shift,0.5,z_plus,0.05,500,0.092
scale_shift,0.5,z_plus,0.01,500,0.024
scale_shift,0.5,z_plus,0.001,500,0.004
scale_shift,0.5,z_plus_renorm,0.05,500,0.044
scale_shift,0.5,z_plus_renorm,0.01,500,0.004
scale_shift,0.5,z_plus_renorm,0.001,500,0.0
scale_shift,0.5,breadth,0.05,500,0.03
scale_shift,0.5,breadth,0.01,500,0.0
scale_shift,0.5,breadth,0.001,500,0.0
scale_shift,0.5,z_mahalanobis_sq,0.05,500,0.06
scale_shift,0.5,z_mahalanobis_sq,0.01,500,0.02
scale_shift,0.5,z_mahalanobis_sq,0.001,500,0.008
scale_shift,0.5,t_iut,0.05,500,0.106
scale_shift,0.5,t_iut,0.01,500,0.018
scale_shift,0.5,t_iut,0.001,500,0.002
scale_shift,0.5,z_plus_softmax,0.05,500,0.188
scale_shift,0.5,z_plus_softmax,0.01,500,0.172
scale_shift,0.5,z_plus_softmax,0.001,500,0.172
scale_shift,0.5,z_plus_orth,0.05,500,0.184
scale_shift,0.5,z_plus_orth,0.01,500,0.172
scale_shift,0.5,z_plus_orth,0.001,500,0.172
scale_shift,1.0,z_plus,0.05,500,0.156
scale_shift,1.0,z_plus,0.01,500,0.038
scale_shift,1.0,z_plus,0.001,500,0.004
scale_shift,1.0,z_plus_renorm,0.05,500,0.036
scale_shift,1.0,z_plus_renorm,0.01,500,0.002
scale_shift,1.0,z_plus_renorm,0.001,500,0.0
scale_shift,1.0,breadth,0.05,500,0.078
scale_shift,1.0,breadth,0.01,500,0.0
scale_shift,1.0,breadth,0.001,500,0.0
scale_shift,1.0,z_mahalanobis_sq,0.05,500,0.072
scale_shift,1.0,z_mahalanobis_sq,0.01,500,0.014
scale_shift,1.0,z_mahalanobis_sq,0.001,500,0.002
scale_shift,1.0,t_iut,0.05,500,0.204
scale_shift,1.0,t_iut,0.01,500,0.068
scale_shift,1.0,t_iut,0.001,500,0.032
scale_shift,1.0,z_plus_softmax,0.05,500,0.224
scale_shift,1.0,z_plus_softmax,0.01,500,0.224
scale_shift,1.0,z_plus_softmax,0.001,500,0.224
scale_shift,1.0,z_plus_orth,0.05,500,0.224
scale_shift,1.0,z_plus_orth,0.01,500,0.224
scale_shift,1.0,z_plus_orth,0.001,500,0.224
scale_shift,1.5,z_plus,0.05,500,0.22
scale_shift,1.5,z_plus,0.01,500,0.064
scale_shift,1.5,z_plus,0.001,500,0.016
scale_shift,1.5,z_plus_renorm,0.05,500,0.048
scale_shift,1.5,z_plus_renorm,0.01,500,0.006
scale_shift,1.5,z_plus_renorm,0.001,500,0.0
scale_shift,1.5,breadth,0.05,500,0.062
scale_shift,1.5,breadth,0.01,500,0.0
scale_shift,1.5,breadth,0.001,500,0.0
scale_shift,1.5,z_mahalanobis_sq,0.05,500,0.182
scale_shift,1.5,z_mahalanobis_sq,0.01,500,0.02
scale_shift,1.5,z_mahalanobis_sq,0.001,500,0.004
scale_shift,1.5,t_iut,0.05,500,0.19
scale_shift,1.5,t_iut,0.01,500,0.058
scale_shift,1.5,t_iut,0.001,500,0.03
scale_shift,1.5,z_plus_softmax,0.05,500,0.202
scale_shift,1.5,z_plus_softmax,0.01,500,0.2
scale_shift,1.5,z_plus_softmax,0.001,500,0.2
scale_shift,1.5,z_plus_orth,0.05,500,0.202
scale_shift,1.5,z_plus_orth,0.01,500,0.202
scale_shift,1.5,z_plus_orth,0.001,500,0.202
scale_shift,2.0,z_plus,0.05,500,0.38
scale_shift,2.0,z_plus,0.01,500,0.186
scale_shift,2.0,z_plus,0.001,500,0.07
scale_shift,2.0,z_plus_renorm,0.05,500,0.146
scale_shift,2.0,z_plus_renorm,0.01,500,0.016
scale_shift,2.0,z_plus_renorm,0.001,500,0.0
scale_shift,2.0,breadth,0.05,500,0.086
scale_shift,2.0,breadth,0.01,500,0.0
scale_shift,2.0,breadth,0.001,500,0.0
scale_shift,2.0,z_mahalanobis_sq,0.05,500,0.462
scale_shift,2.0,z_mahalanobis_sq,0.01,500,0.072
scale_shift,2.0,z_mahalanobis_sq,0.001,500,0.02
scale_shift,2.0,t_iut,0.05,500,0.202
scale_shift,2.0,t_iut,0.01,500,0.076
scale_shift,2.0,t_iut,0.001,500,0.044
scale_shift,2.0,z_plus_softmax,0.05,500,0.246
scale_shift,2.0,z_plus_softmax,0.01,500,0.246
scale_shift,2.0,z_plus_softmax,0.001,500,0.246
scale_shift,2.0,z_plus_orth,0.05,500,0.246
scale_shift,2.0,z_plus_orth,0.01,500,0.246
scale_shift,2.0,z_plus_orth,0.001,500,0.246
scale_shift,3.0,z_plus,0.05,500,0.82
scale_shift,3.0,z_plus,0.01,500,0.408
scale_shift,3.0,z_plus,0.001,500,0.232
scale_shift,3.0,z_plus_renorm,0.05,500,0.354
scale_shift,3.0,z_plus_renorm,0.01,500,0.068
scale_shift,3.0,z_plus_renorm,0.001,500,0.0
scale_shift,3.0,breadth,0.05,500,0.14
scale_shift,3.0,breadth,0.01,500,0.0
scale_shift,3.0,breadth,0.001,500,0.0
scale_shift,3.0,z_mahalanobis_sq,0.05,500,0.972
scale_shift,3.0,z_mahalanobis_sq,0.01,500,0.434
scale_shift,3.0,z_mahalanobis_sq,0.001,500,0.056
scale_shift,3.0,t_iut,0.05,500,0.254
scale_shift,3.0,t_iut,0.01,500,0.126
scale_shift,3.0,t_iut,0.001,500,0.066
scale_shift,3.0,z_plus_softmax,0.05,500,0.268
scale_shift,3.0,z_plus_softmax,0.01,500,0.266
scale_shift,3.0,z_plus_softmax,0.001,500,0.264
scale_shift,3.0,z_plus_orth,0.05,500,0.268
scale_shift,3.0,z_plus_orth,0.01,500,0.268
scale_shift,3.0,z_plus_orth,0.001,500,0.266
threshold_clustering,0.5,z_plus,0.05,500,0.04
threshold_clustering,0.5,z_plus,0.01,500,0.016
threshold_clustering,0.5,z_plus,0.001,500,0.006
threshold_clustering,0.5,z_plus_renorm,0.05,497,0.0382293762575452
threshold_clustering,0.5,z_plus_renorm,0.01,497,0.0040241448692152
threshold_clustering,0.5,z_plus_renorm,0.001,497,0.0
threshold_clustering,0.5,breadth,0.05,500,0.016
threshold_clustering,0.5,breadth,0.01,500,0.0
threshold_clustering,0.5,breadth,0.001,500,0.0
threshold_clustering,0.5,z_mahalanobis_sq,0.05,500,0.07
threshold_clustering,0.5,z_mahalanobis_sq,0.01,500,0.022
threshold_clustering,0.5,z_mahalanobis_sq,0.001,500,0.004
threshold_clustering,0.5,t_iut,0.05,500,0.076
threshold_clustering,0.5,t_iut,0.01,500,0.01
threshold_clustering,0.5,t_iut,0.001,500,0.0
threshold_clustering,0.5,z_plus_softmax,0.05,497,0.0643863179074446
threshold_clustering,0.5,z_plus_softmax,0.01,497,0.0402414486921529
threshold_clustering,0.5,z_plus_softmax,0.001,497,0.028169014084507
threshold_clustering,0.5,z_plus_orth,0.05,497,0.062374245472837
threshold_clustering,0.5,z_plus_orth,0.01,497,0.028169014084507
threshold_clustering,0.5,z_plus_orth,0.001,497,0.028169014084507
threshold_clustering,1.0,z_plus,0.05,500,0.084
threshold_clustering,1.0,z_plus,0.01,500,0.02
threshold_clustering,1.0,z_plus,0.001,500,0.01
threshold_clustering,1.0,z_plus_renorm,0.05,498,0.0341365461847389
threshold_clustering,1.0,z_plus_renorm,0.01,498,0.0
threshold_clustering,1.0,z_plus_renorm,0.001,498,0.0
threshold_clustering,1.0,breadth,0.05,500,0.026
threshold_clustering,1.0,breadth,0.01,500,0.0
threshold_clustering,1.0,breadth,0.001,500,0.0
threshold_clustering,1.0,z_mahalanobis_sq,0.05,500,0.08
threshold_clustering,1.0,z_mahalanobis_sq,0.01,500,0.036
threshold_clustering,1.0,z_mahalanobis_sq,0.001,500,0.002
threshold_clustering,1.0,t_iut,0.05,500,0.092
threshold_clustering,1.0,t_iut,0.01,500,0.014
threshold_clustering,1.0,t_iut,0.001,500,0.006
threshold_clustering,1.0,z_plus_softmax,0.05,498,0.0461847389558232
threshold_clustering,1.0,z_plus_softmax,0.01,498,0.0281124497991967
threshold_clustering,1.0,z_plus_softmax,0.001,498,0.0281124497991967
threshold_clustering,1.0,z_plus_orth,0.05,498,0.0421686746987951
threshold_clustering,1.0,z_plus_orth,0.01,498,0.0281124497991967
threshold_clustering,1.0,z_plus_orth,0.001,498,0.0281124497991967
threshold_clustering,1.5,z_plus,0.05,500,0.092
threshold_clustering,1.5,z_plus,0.01,500,0.006
threshold_clustering,1.5,z_plus,0.001,500,0.002
threshold_clustering,1.5,z_plus_renorm,0.05,500,0.018
threshold_clustering,1.5,z_plus_renorm,0.01,500,0.0
threshold_clustering,1.5,z_plus_renorm,0.001,500,0.0
threshold_clustering,1.5,breadth,0.05,500,0.042
threshold_clustering,1.5,breadth,0.01,500,0.0
threshold_clustering,1.5,breadth,0.001,500,0.0
threshold_clustering,1.5,z_mahalanobis_sq,0.05,500,0.078
threshold_clustering,1.5,z_mahalanobis_sq,0.01,500,0.014
threshold_clustering,1.5,z_mahalanobis_sq,0.001,500,0.002
threshold_clustering,1.5,t_iut,0.05,500,0.134
threshold_clustering,1.5,t_iut,0.01,500,0.03
threshold_clustering,1.5,t_iut,0.001,500,0.016
threshold_clustering,1.5,z_plus_softmax,0.05,500,0.016
threshold_clustering,1.5,z_plus_softmax,0.01,500,0.014
threshold_clustering,1.5,z_plus_softmax,0.001,500,0.014
threshold_clustering,1.5,z_plus_orth,0.05,500,0.016
threshold_clustering,1.5,z_plus_orth,0.01,500,0.014
threshold_clustering,1.5,z_plus_orth,0.001,500,0.014
threshold_clustering,2.0,z_plus,0.05,500,0.146
threshold_clustering,2.0,z_plus,0.01,500,0.044
threshold_clustering,2.0,z_plus,0.001,500,0.02
threshold_clustering,2.0,z_plus_renorm,0.05,500,0.044
threshold_clustering,2.0,z_plus_renorm,0.01,500,0.01
threshold_clustering,2.0,z_plus_renorm,0.001,500,0.0
threshold_clustering,2.0,breadth,0.05,500,0.032
threshold_clustering,2.0,breadth,0.01,500,0.0
threshold_clustering,2.0,breadth,0.001,500,0.0
threshold_clustering,2.0,z_mahalanobis_sq,0.05,500,0.188
threshold_clustering,2.0,z_mahalanobis_sq,0.01,500,0.034
threshold_clustering,2.0,z_mahalanobis_sq,0.001,500,0.008
threshold_clustering,2.0,t_iut,0.05,500,0.108
threshold_clustering,2.0,t_iut,0.01,500,0.024
threshold_clustering,2.0,t_iut,0.001,500,0.01
threshold_clustering,2.0,z_plus_softmax,0.05,500,0.024
threshold_clustering,2.0,z_plus_softmax,0.01,500,0.016
threshold_clustering,2.0,z_plus_softmax,0.001,500,0.016
threshold_clustering,2.0,z_plus_orth,0.05,500,0.016
threshold_clustering,2.0,z_plus_orth,0.01,500,0.016
threshold_clustering,2.0,z_plus_orth,0.001,500,0.016
threshold_clustering,3.0,z_plus,0.05,500,0.298
threshold_clustering,3.0,z_plus,0.01,500,0.094
threshold_clustering,3.0,z_plus,0.001,500,0.016
threshold_clustering,3.0,z_plus_renorm,0.05,500,0.112
threshold_clustering,3.0,z_plus_renorm,0.01,500,0.014
threshold_clustering,3.0,z_plus_renorm,0.001,500,0.0
threshold_clustering,3.0,breadth,0.05,500,0.056
threshold_clustering,3.0,breadth,0.01,500,0.0
threshold_clustering,3.0,breadth,0.001,500,0.0
threshold_clustering,3.0,z_mahalanobis_sq,0.05,500,0.61
threshold_clustering,3.0,z_mahalanobis_sq,0.01,500,0.066
threshold_clustering,3.0,z_mahalanobis_sq,0.001,500,0.008
threshold_clustering,3.0,t_iut,0.05,500,0.134
threshold_clustering,3.0,t_iut,0.01,500,0.042
threshold_clustering,3.0,t_iut,0.001,500,0.02
threshold_clustering,3.0,z_plus_softmax,0.05,500,0.008
threshold_clustering,3.0,z_plus_softmax,0.01,500,0.008
threshold_clustering,3.0,z_plus_softmax,0.001,500,0.008
threshold_clustering,3.0,z_plus_orth,0.05,500,0.008
threshold_clustering,3.0,z_plus_orth,0.01,500,0.008
threshold_clustering,3.0,z_plus_orth,0.001,500,0.008
round_number,0.5,z_plus,0.05,500,0.064
round_number,0.5,z_plus,0.01,500,0.024
round_number,0.5,z_plus,0.001,500,0.01
round_number,0.5,z_plus_renorm,0.05,498,0.0481927710843373
round_number,0.5,z_plus_renorm,0.01,498,0.0180722891566265
round_number,0.5,z_plus_renorm,0.001,498,0.0
round_number,0.5,breadth,0.05,500,0.01
round_number,0.5,breadth,0.01,500,0.0
round_number,0.5,breadth,0.001,500,0.0
round_number,0.5,z_mahalanobis_sq,0.05,500,0.062
round_number,0.5,z_mahalanobis_sq,0.01,500,0.012
round_number,0.5,z_mahalanobis_sq,0.001,500,0.0
round_number,0.5,t_iut,0.05,500,0.074
round_number,0.5,t_iut,0.01,500,0.01
round_number,0.5,t_iut,0.001,500,0.0
round_number,0.5,z_plus_softmax,0.05,498,0.0863453815261044
round_number,0.5,z_plus_softmax,0.01,498,0.0803212851405622
round_number,0.5,z_plus_softmax,0.001,498,0.0803212851405622
round_number,0.5,z_plus_orth,0.05,498,0.0903614457831325
round_number,0.5,z_plus_orth,0.01,498,0.0803212851405622
round_number,0.5,z_plus_orth,0.001,498,0.0803212851405622
round_number,1.0,z_plus,0.05,500,0.08
round_number,1.0,z_plus,0.01,500,0.012
round_number,1.0,z_plus,0.001,500,0.004
round_number,1.0,z_plus_renorm,0.05,500,0.04
round_number,1.0,z_plus_renorm,0.01,500,0.006
round_number,1.0,z_plus_renorm,0.001,500,0.0
round_number,1.0,breadth,0.05,500,0.008
round_number,1.0,breadth,0.01,500,0.0
round_number,1.0,breadth,0.001,500,0.0
round_number,1.0,z_mahalanobis_sq,0.05,500,0.06
round_number,1.0,z_mahalanobis_sq,0.01,500,0.012
round_number,1.0,z_mahalanobis_sq,0.001,500,0.002
round_number,1.0,t_iut,0.05,500,0.092
round_number,1.0,t_iut,0.01,500,0.002
round_number,1.0,t_iut,0.001,500,0.0
round_number,1.0,z_plus_softmax,0.05,500,0.07
round_number,1.0,z_plus_softmax,0.01,500,0.052
round_number,1.0,z_plus_softmax,0.001,500,0.052
round_number,1.0,z_plus_orth,0.05,500,0.066
round_number,1.0,z_plus_orth,0.01,500,0.06
round_number,1.0,z_plus_orth,0.001,500,0.056
round_number,1.5,z_plus,0.05,500,0.128
round_number,1.5,z_plus,0.01,500,0.032
round_number,1.5,z_plus,0.001,500,0.004
round_number,1.5,z_plus_renorm,0.05,500,0.058
round_number,1.5,z_plus_renorm,0.01,500,0.004
round_number,1.5,z_plus_renorm,0.001,500,0.0
round_number,1.5,breadth,0.05,500,0.024
round_number,1.5,breadth,0.01,500,0.0
round_number,1.5,breadth,0.001,500,0.0
round_number,1.5,z_mahalanobis_sq,0.05,500,0.05
round_number,1.5,z_mahalanobis_sq,0.01,500,0.01
round_number,1.5,z_mahalanobis_sq,0.001,500,0.0
round_number,1.5,t_iut,0.05,500,0.106
round_number,1.5,t_iut,0.01,500,0.022
round_number,1.5,t_iut,0.001,500,0.006
round_number,1.5,z_plus_softmax,0.05,500,0.074
round_number,1.5,z_plus_softmax,0.01,500,0.07
round_number,1.5,z_plus_softmax,0.001,500,0.07
round_number,1.5,z_plus_orth,0.05,500,0.076
round_number,1.5,z_plus_orth,0.01,500,0.072
round_number,1.5,z_plus_orth,0.001,500,0.072
round_number,2.0,z_plus,0.05,500,0.166
round_number,2.0,z_plus,0.01,500,0.046
round_number,2.0,z_plus,0.001,500,0.01
round_number,2.0,z_plus_renorm,0.05,500,0.074
round_number,2.0,z_plus_renorm,0.01,500,0.0
round_number,2.0,z_plus_renorm,0.001,500,0.0
round_number,2.0,breadth,0.05,500,0.024
round_number,2.0,breadth,0.01,500,0.0
round_number,2.0,breadth,0.001,500,0.0
round_number,2.0,z_mahalanobis_sq,0.05,500,0.042
round_number,2.0,z_mahalanobis_sq,0.01,500,0.014
round_number,2.0,z_mahalanobis_sq,0.001,500,0.0
round_number,2.0,t_iut,0.05,500,0.11
round_number,2.0,t_iut,0.01,500,0.022
round_number,2.0,t_iut,0.001,500,0.004
round_number,2.0,z_plus_softmax,0.05,500,0.072
round_number,2.0,z_plus_softmax,0.01,500,0.068
round_number,2.0,z_plus_softmax,0.001,500,0.068
round_number,2.0,z_plus_orth,0.05,500,0.076
round_number,2.0,z_plus_orth,0.01,500,0.068
round_number,2.0,z_plus_orth,0.001,500,0.068
round_number,3.0,z_plus,0.05,500,0.294
round_number,3.0,z_plus,0.01,500,0.118
round_number,3.0,z_plus,0.001,500,0.02
round_number,3.0,z_plus_renorm,0.05,500,0.146
round_number,3.0,z_plus_renorm,0.01,500,0.022
round_number,3.0,z_plus_renorm,0.001,500,0.0
round_number,3.0,breadth,0.05,500,0.032
round_number,3.0,breadth,0.01,500,0.0
round_number,3.0,breadth,0.001,500,0.0
round_number,3.0,z_mahalanobis_sq,0.05,500,0.124
round_number,3.0,z_mahalanobis_sq,0.01,500,0.038
round_number,3.0,z_mahalanobis_sq,0.001,500,0.004
round_number,3.0,t_iut,0.05,500,0.148
round_number,3.0,t_iut,0.01,500,0.03
round_number,3.0,t_iut,0.001,500,0.012
round_number,3.0,z_plus_softmax,0.05,500,0.11
round_number,3.0,z_plus_softmax,0.01,500,0.108
round_number,3.0,z_plus_softmax,0.001,500,0.108
round_number,3.0,z_plus_orth,0.05,500,0.112
round_number,3.0,z_plus_orth,0.01,500,0.11
round_number,3.0,z_plus_orth,0.001,500,0.11
temporal_smoothing,0.5,z_plus,0.05,500,0.042
temporal_smoothing,0.5,z_plus,0.01,500,0.002
temporal_smoothing,0.5,z_plus,0.001,500,0.0
temporal_smoothing,0.5,z_plus_renorm,0.05,496,0.0403225806451612
temporal_smoothing,0.5,z_plus_renorm,0.01,496,0.002016129032258
temporal_smoothing,0.5,z_plus_renorm,0.001,496,0.0
temporal_smoothing,0.5,breadth,0.05,500,0.012
temporal_smoothing,0.5,breadth,0.01,500,0.0
temporal_smoothing,0.5,breadth,0.001,500,0.0
temporal_smoothing,0.5,z_mahalanobis_sq,0.05,500,0.044
temporal_smoothing,0.5,z_mahalanobis_sq,0.01,500,0.004
temporal_smoothing,0.5,z_mahalanobis_sq,0.001,500,0.0
temporal_smoothing,0.5,t_iut,0.05,500,0.064
temporal_smoothing,0.5,t_iut,0.01,500,0.008
temporal_smoothing,0.5,t_iut,0.001,500,0.002
temporal_smoothing,0.5,z_plus_softmax,0.05,496,0.189516129032258
temporal_smoothing,0.5,z_plus_softmax,0.01,496,0.1733870967741935
temporal_smoothing,0.5,z_plus_softmax,0.001,496,0.1733870967741935
temporal_smoothing,0.5,z_plus_orth,0.05,496,0.1995967741935483
temporal_smoothing,0.5,z_plus_orth,0.01,496,0.1733870967741935
temporal_smoothing,0.5,z_plus_orth,0.001,496,0.1733870967741935
temporal_smoothing,1.0,z_plus,0.05,500,0.064
temporal_smoothing,1.0,z_plus,0.01,500,0.012
temporal_smoothing,1.0,z_plus,0.001,500,0.004
temporal_smoothing,1.0,z_plus_renorm,0.05,500,0.076
temporal_smoothing,1.0,z_plus_renorm,0.01,500,0.028
temporal_smoothing,1.0,z_plus_renorm,0.001,500,0.004
temporal_smoothing,1.0,breadth,0.05,500,0.01
temporal_smoothing,1.0,breadth,0.01,500,0.0
temporal_smoothing,1.0,breadth,0.001,500,0.0
temporal_smoothing,1.0,z_mahalanobis_sq,0.05,500,0.044
temporal_smoothing,1.0,z_mahalanobis_sq,0.01,500,0.014
temporal_smoothing,1.0,z_mahalanobis_sq,0.001,500,0.002
temporal_smoothing,1.0,t_iut,0.05,500,0.05
temporal_smoothing,1.0,t_iut,0.01,500,0.01
temporal_smoothing,1.0,t_iut,0.001,500,0.0
temporal_smoothing,1.0,z_plus_softmax,0.05,500,0.214
temporal_smoothing,1.0,z_plus_softmax,0.01,500,0.206
temporal_smoothing,1.0,z_plus_softmax,0.001,500,0.204
temporal_smoothing,1.0,z_plus_orth,0.05,500,0.214
temporal_smoothing,1.0,z_plus_orth,0.01,500,0.204
temporal_smoothing,1.0,z_plus_orth,0.001,500,0.204
temporal_smoothing,1.5,z_plus,0.05,500,0.08
temporal_smoothing,1.5,z_plus,0.01,500,0.024
temporal_smoothing,1.5,z_plus,0.001,500,0.008
temporal_smoothing,1.5,z_plus_renorm,0.05,500,0.08
temporal_smoothing,1.5,z_plus_renorm,0.01,500,0.022
temporal_smoothing,1.5,z_plus_renorm,0.001,500,0.0
temporal_smoothing,1.5,breadth,0.05,500,0.018
temporal_smoothing,1.5,breadth,0.01,500,0.0
temporal_smoothing,1.5,breadth,0.001,500,0.0
temporal_smoothing,1.5,z_mahalanobis_sq,0.05,500,0.064
temporal_smoothing,1.5,z_mahalanobis_sq,0.01,500,0.01
temporal_smoothing,1.5,z_mahalanobis_sq,0.001,500,0.002
temporal_smoothing,1.5,t_iut,0.05,500,0.072
temporal_smoothing,1.5,t_iut,0.01,500,0.016
temporal_smoothing,1.5,t_iut,0.001,500,0.002
temporal_smoothing,1.5,z_plus_softmax,0.05,500,0.236
temporal_smoothing,1.5,z_plus_softmax,0.01,500,0.22
temporal_smoothing,1.5,z_plus_softmax,0.001,500,0.22
temporal_smoothing,1.5,z_plus_orth,0.05,500,0.224
temporal_smoothing,1.5,z_plus_orth,0.01,500,0.22
temporal_smoothing,1.5,z_plus_orth,0.001,500,0.22
temporal_smoothing,2.0,z_plus,0.05,500,0.114
temporal_smoothing,2.0,z_plus,0.01,500,0.024
temporal_smoothing,2.0,z_plus,0.001,500,0.01
temporal_smoothing,2.0,z_plus_renorm,0.05,500,0.094
temporal_smoothing,2.0,z_plus_renorm,0.01,500,0.018
temporal_smoothing,2.0,z_plus_renorm,0.001,500,0.0
temporal_smoothing,2.0,breadth,0.05,500,0.022
temporal_smoothing,2.0,breadth,0.01,500,0.0
temporal_smoothing,2.0,breadth,0.001,500,0.0
temporal_smoothing,2.0,z_mahalanobis_sq,0.05,500,0.074
temporal_smoothing,2.0,z_mahalanobis_sq,0.01,500,0.014
temporal_smoothing,2.0,z_mahalanobis_sq,0.001,500,0.002
temporal_smoothing,2.0,t_iut,0.05,500,0.082
temporal_smoothing,2.0,t_iut,0.01,500,0.008
temporal_smoothing,2.0,t_iut,0.001,500,0.002
temporal_smoothing,2.0,z_plus_softmax,0.05,500,0.216
temporal_smoothing,2.0,z_plus_softmax,0.01,500,0.212
temporal_smoothing,2.0,z_plus_softmax,0.001,500,0.212
temporal_smoothing,2.0,z_plus_orth,0.05,500,0.216
temporal_smoothing,2.0,z_plus_orth,0.01,500,0.212
temporal_smoothing,2.0,z_plus_orth,0.001,500,0.212
temporal_smoothing,3.0,z_plus,0.05,500,0.126
temporal_smoothing,3.0,z_plus,0.01,500,0.03
temporal_smoothing,3.0,z_plus,0.001,500,0.006
temporal_smoothing,3.0,z_plus_renorm,0.05,500,0.178
temporal_smoothing,3.0,z_plus_renorm,0.01,500,0.042
temporal_smoothing,3.0,z_plus_renorm,0.001,500,0.006
temporal_smoothing,3.0,breadth,0.05,500,0.01
temporal_smoothing,3.0,breadth,0.01,500,0.0
temporal_smoothing,3.0,breadth,0.001,500,0.0
temporal_smoothing,3.0,z_mahalanobis_sq,0.05,500,0.088
temporal_smoothing,3.0,z_mahalanobis_sq,0.01,500,0.01
temporal_smoothing,3.0,z_mahalanobis_sq,0.001,500,0.004
temporal_smoothing,3.0,t_iut,0.05,500,0.058
temporal_smoothing,3.0,t_iut,0.01,500,0.008
temporal_smoothing,3.0,t_iut,0.001,500,0.002
temporal_smoothing,3.0,z_plus_softmax,0.05,500,0.268
temporal_smoothing,3.0,z_plus_softmax,0.01,500,0.264
temporal_smoothing,3.0,z_plus_softmax,0.001,500,0.264
temporal_smoothing,3.0,z_plus_orth,0.05,500,0.264
temporal_smoothing,3.0,z_plus_orth,0.01,500,0.264
temporal_smoothing,3.0,z_plus_orth,0.001,500,0.264
peer_gaming,0.5,z_plus,0.05,500,0.076
peer_gaming,0.5,z_plus,0.01,500,0.016
peer_gaming,0.5,z_plus,0.001,500,0.004
peer_gaming,0.5,z_plus_renorm,0.05,500,0.04
peer_gaming,0.5,z_plus_renorm,0.01,500,0.0
peer_gaming,0.5,z_plus_renorm,0.001,500,0.0
peer_gaming,0.5,breadth,0.05,500,0.024
peer_gaming,0.5,breadth,0.01,500,0.0
peer_gaming,0.5,breadth,0.001,500,0.0
peer_gaming,0.5,z_mahalanobis_sq,0.05,500,0.052
peer_gaming,0.5,z_mahalanobis_sq,0.01,500,0.01
peer_gaming,0.5,z_mahalanobis_sq,0.001,500,0.006
peer_gaming,0.5,t_iut,0.05,500,0.1
peer_gaming,0.5,t_iut,0.01,500,0.014
peer_gaming,0.5,t_iut,0.001,500,0.002
peer_gaming,0.5,z_plus_softmax,0.05,500,0.044
peer_gaming,0.5,z_plus_softmax,0.01,500,0.02
peer_gaming,0.5,z_plus_softmax,0.001,500,0.02
peer_gaming,0.5,z_plus_orth,0.05,500,0.04
peer_gaming,0.5,z_plus_orth,0.01,500,0.02
peer_gaming,0.5,z_plus_orth,0.001,500,0.02
peer_gaming,1.0,z_plus,0.05,500,0.094
peer_gaming,1.0,z_plus,0.01,500,0.018
peer_gaming,1.0,z_plus,0.001,500,0.01
peer_gaming,1.0,z_plus_renorm,0.05,500,0.028
peer_gaming,1.0,z_plus_renorm,0.01,500,0.002
peer_gaming,1.0,z_plus_renorm,0.001,500,0.0
peer_gaming,1.0,breadth,0.05,500,0.048
peer_gaming,1.0,breadth,0.01,500,0.0
peer_gaming,1.0,breadth,0.001,500,0.0
peer_gaming,1.0,z_mahalanobis_sq,0.05,500,0.066
peer_gaming,1.0,z_mahalanobis_sq,0.01,500,0.02
peer_gaming,1.0,z_mahalanobis_sq,0.001,500,0.004
peer_gaming,1.0,t_iut,0.05,500,0.124
peer_gaming,1.0,t_iut,0.01,500,0.04
peer_gaming,1.0,t_iut,0.001,500,0.012
peer_gaming,1.0,z_plus_softmax,0.05,500,0.022
peer_gaming,1.0,z_plus_softmax,0.01,500,0.02
peer_gaming,1.0,z_plus_softmax,0.001,500,0.02
peer_gaming,1.0,z_plus_orth,0.05,500,0.024
peer_gaming,1.0,z_plus_orth,0.01,500,0.02
peer_gaming,1.0,z_plus_orth,0.001,500,0.02
peer_gaming,1.5,z_plus,0.05,500,0.178
peer_gaming,1.5,z_plus,0.01,500,0.054
peer_gaming,1.5,z_plus,0.001,500,0.014
peer_gaming,1.5,z_plus_renorm,0.05,500,0.034
peer_gaming,1.5,z_plus_renorm,0.01,500,0.0
peer_gaming,1.5,z_plus_renorm,0.001,500,0.0
peer_gaming,1.5,breadth,0.05,500,0.082
peer_gaming,1.5,breadth,0.01,500,0.0
peer_gaming,1.5,breadth,0.001,500,0.0
peer_gaming,1.5,z_mahalanobis_sq,0.05,500,0.182
peer_gaming,1.5,z_mahalanobis_sq,0.01,500,0.036
peer_gaming,1.5,z_mahalanobis_sq,0.001,500,0.012
peer_gaming,1.5,t_iut,0.05,500,0.204
peer_gaming,1.5,t_iut,0.01,500,0.064
peer_gaming,1.5,t_iut,0.001,500,0.022
peer_gaming,1.5,z_plus_softmax,0.05,500,0.03
peer_gaming,1.5,z_plus_softmax,0.01,500,0.03
peer_gaming,1.5,z_plus_softmax,0.001,500,0.03
peer_gaming,1.5,z_plus_orth,0.05,500,0.03
peer_gaming,1.5,z_plus_orth,0.01,500,0.03
peer_gaming,1.5,z_plus_orth,0.001,500,0.03
peer_gaming,2.0,z_plus,0.05,500,0.212
peer_gaming,2.0,z_plus,0.01,500,0.062
peer_gaming,2.0,z_plus,0.001,500,0.014
peer_gaming,2.0,z_plus_renorm,0.05,500,0.046
peer_gaming,2.0,z_plus_renorm,0.01,500,0.002
peer_gaming,2.0,z_plus_renorm,0.001,500,0.0
peer_gaming,2.0,breadth,0.05,500,0.06
peer_gaming,2.0,breadth,0.01,500,0.0
peer_gaming,2.0,breadth,0.001,500,0.0
peer_gaming,2.0,z_mahalanobis_sq,0.05,500,0.402
peer_gaming,2.0,z_mahalanobis_sq,0.01,500,0.032
peer_gaming,2.0,z_mahalanobis_sq,0.001,500,0.01
peer_gaming,2.0,t_iut,0.05,500,0.158
peer_gaming,2.0,t_iut,0.01,500,0.044
peer_gaming,2.0,t_iut,0.001,500,0.026
peer_gaming,2.0,z_plus_softmax,0.05,500,0.012
peer_gaming,2.0,z_plus_softmax,0.01,500,0.012
peer_gaming,2.0,z_plus_softmax,0.001,500,0.012
peer_gaming,2.0,z_plus_orth,0.05,500,0.012
peer_gaming,2.0,z_plus_orth,0.01,500,0.012
peer_gaming,2.0,z_plus_orth,0.001,500,0.012
peer_gaming,3.0,z_plus,0.05,500,0.422
peer_gaming,3.0,z_plus,0.01,500,0.2
peer_gaming,3.0,z_plus,0.001,500,0.058
peer_gaming,3.0,z_plus_renorm,0.05,500,0.176
peer_gaming,3.0,z_plus_renorm,0.01,500,0.022
peer_gaming,3.0,z_plus_renorm,0.001,500,0.0
peer_gaming,3.0,breadth,0.05,500,0.096
peer_gaming,3.0,breadth,0.01,500,0.0
peer_gaming,3.0,breadth,0.001,500,0.0
peer_gaming,3.0,z_mahalanobis_sq,0.05,500,0.95
peer_gaming,3.0,z_mahalanobis_sq,0.01,500,0.364
peer_gaming,3.0,z_mahalanobis_sq,0.001,500,0.02
peer_gaming,3.0,t_iut,0.05,500,0.178
peer_gaming,3.0,t_iut,0.01,500,0.088
peer_gaming,3.0,t_iut,0.001,500,0.036
peer_gaming,3.0,z_plus_softmax,0.05,500,0.014
peer_gaming,3.0,z_plus_softmax,0.01,500,0.014
peer_gaming,3.0,z_plus_softmax,0.001,500,0.014
peer_gaming,3.0,z_plus_orth,0.05,500,0.014
peer_gaming,3.0,z_plus_orth,0.01,500,0.014
peer_gaming,3.0,z_plus_orth,0.001,500,0.014
systematic,0.5,z_plus,0.05,500,0.138
systematic,0.5,z_plus,0.01,500,0.02
systematic,0.5,z_plus,0.001,500,0.008
systematic,0.5,z_plus_renorm,0.05,500,0.042
systematic,0.5,z_plus_renorm,0.01,500,0.002
systematic,0.5,z_plus_renorm,0.001,500,0.0
systematic,0.5,breadth,0.05,500,0.036
systematic,0.5,breadth,0.01,500,0.0
systematic,0.5,breadth,0.001,500,0.0
systematic,0.5,z_mahalanobis_sq,0.05,500,0.064
systematic,0.5,z_mahalanobis_sq,0.01,500,0.012
systematic,0.5,z_mahalanobis_sq,0.001,500,0.004
systematic,0.5,t_iut,0.05,500,0.2
systematic,0.5,t_iut,0.01,500,0.03
systematic,0.5,t_iut,0.001,500,0.006
systematic,0.5,z_plus_softmax,0.05,500,0.268
systematic,0.5,z_plus_softmax,0.01,500,0.268
systematic,0.5,z_plus_softmax,0.001,500,0.268
systematic,0.5,z_plus_orth,0.05,500,0.268
systematic,0.5,z_plus_orth,0.01,500,0.268
systematic,0.5,z_plus_orth,0.001,500,0.268
systematic,1.0,z_plus,0.05,500,0.238
systematic,1.0,z_plus,0.01,500,0.084
systematic,1.0,z_plus,0.001,500,0.016
systematic,1.0,z_plus_renorm,0.05,500,0.042
systematic,1.0,z_plus_renorm,0.01,500,0.006
systematic,1.0,z_plus_renorm,0.001,500,0.0
systematic,1.0,breadth,0.05,500,0.134
systematic,1.0,breadth,0.01,500,0.0
systematic,1.0,breadth,0.001,500,0.0
systematic,1.0,z_mahalanobis_sq,0.05,500,0.094
systematic,1.0,z_mahalanobis_sq,0.01,500,0.02
systematic,1.0,z_mahalanobis_sq,0.001,500,0.006
systematic,1.0,t_iut,0.05,500,0.36
systematic,1.0,t_iut,0.01,500,0.096
systematic,1.0,t_iut,0.001,500,0.044
systematic,1.0,z_plus_softmax,0.05,500,0.29
systematic,1.0,z_plus_softmax,0.01,500,0.286
systematic,1.0,z_plus_softmax,0.001,500,0.286
systematic,1.0,z_plus_orth,0.05,500,0.29
systematic,1.0,z_plus_orth,0.01,500,0.29
systematic,1.0,z_plus_orth,0.001,500,0.29
systematic,1.5,z_plus,0.05,500,0.434
systematic,1.5,z_plus,0.01,500,0.174
systematic,1.5,z_plus,0.001,500,0.07
systematic,1.5,z_plus_renorm,0.05,500,0.064
systematic,1.5,z_plus_renorm,0.01,500,0.004
systematic,1.5,z_plus_renorm,0.001,500,0.0
systematic,1.5,breadth,0.05,500,0.262
systematic,1.5,breadth,0.01,500,0.0
systematic,1.5,breadth,0.001,500,0.0
systematic,1.5,z_mahalanobis_sq,0.05,500,0.218
systematic,1.5,z_mahalanobis_sq,0.01,500,0.044
systematic,1.5,z_mahalanobis_sq,0.001,500,0.004
systematic,1.5,t_iut,0.05,500,0.512
systematic,1.5,t_iut,0.01,500,0.246
systematic,1.5,t_iut,0.001,500,0.168
systematic,1.5,z_plus_softmax,0.05,500,0.298
systematic,1.5,z_plus_softmax,0.01,500,0.296
systematic,1.5,z_plus_softmax,0.001,500,0.296
systematic,1.5,z_plus_orth,0.05,500,0.298
systematic,1.5,z_plus_orth,0.01,500,0.298
systematic,1.5,z_plus_orth,0.001,500,0.298
systematic,2.0,z_plus,0.05,500,0.666
systematic,2.0,z_plus,0.01,500,0.34
systematic,2.0,z_plus,0.001,500,0.174
systematic,2.0,z_plus_renorm,0.05,500,0.14
systematic,2.0,z_plus_renorm,0.01,500,0.014
systematic,2.0,z_plus_renorm,0.001,500,0.0
systematic,2.0,breadth,0.05,500,0.4
systematic,2.0,breadth,0.01,500,0.0
systematic,2.0,breadth,0.001,500,0.0
systematic,2.0,z_mahalanobis_sq,0.05,500,0.474
systematic,2.0,z_mahalanobis_sq,0.01,500,0.082
systematic,2.0,z_mahalanobis_sq,0.001,500,0.026
systematic,2.0,t_iut,0.05,500,0.596
systematic,2.0,t_iut,0.01,500,0.374
systematic,2.0,t_iut,0.001,500,0.266
systematic,2.0,z_plus_softmax,0.05,500,0.288
systematic,2.0,z_plus_softmax,0.01,500,0.288
systematic,2.0,z_plus_softmax,0.001,500,0.288
systematic,2.0,z_plus_orth,0.05,500,0.288
systematic,2.0,z_plus_orth,0.01,500,0.288
systematic,2.0,z_plus_orth,0.001,500,0.288
systematic,3.0,z_plus,0.05,500,0.978
systematic,3.0,z_plus,0.01,500,0.816
systematic,3.0,z_plus,0.001,500,0.526
systematic,3.0,z_plus_renorm,0.05,500,0.496
systematic,3.0,z_plus_renorm,0.01,500,0.098
systematic,3.0,z_plus_renorm,0.001,500,0.0
systematic,3.0,breadth,0.05,500,0.468
systematic,3.0,breadth,0.01,500,0.0
systematic,3.0,breadth,0.001,500,0.0
systematic,3.0,z_mahalanobis_sq,0.05,500,0.982
systematic,3.0,z_mahalanobis_sq,0.01,500,0.526
systematic,3.0,z_mahalanobis_sq,0.001,500,0.086
systematic,3.0,t_iut,0.05,500,0.648
systematic,3.0,t_iut,0.01,500,0.436
systematic,3.0,t_iut,0.001,500,0.334
systematic,3.0,z_plus_softmax,0.05,500,0.348
systematic,3.0,z_plus_softmax,0.01,500,0.346
systematic,3.0,z_plus_softmax,0.001,500,0.346
systematic,3.0,z_plus_orth,0.05,500,0.362
systematic,3.0,z_plus_orth,0.01,500,0.352
systematic,3.0,z_plus_orth,0.001,500,0.35
