facet,value,detector,n,mean,std
year,2005.0,z1,595,0.7205581362760045,2.435760007250298
year,2005.0,z2,609,-0.7247071255817258,2.2696941568992384
year,2005.0,z3,571,0.4824050969837122,1.1942009591855152
year,2005.0,z4,599,0.0764051282113063,1.0671081474659387
year,2005.0,z6,68,1.440308754668396,2.578015218741513
year,2005.0,z8,436,-0.0136467609917171,0.9814590209585464
year,2005.0,z57,578,-1.016637537969546,1.0544126116974737
year,2006.0,z1,567,0.5427009070642221,2.251123393112501
year,2006.0,z2,584,-0.3947996837735364,2.428851422762484
year,2006.0,z3,572,0.1722178628339878,1.020112869423206
year,2006.0,z4,580,-0.1809244658346622,1.033769744306304
year,2006.0,z6,543,2.678122521014662,2.649896273801412
year,2006.0,z8,427,0.0862350135047247,0.9366219640403644
year,2006.0,z57,583,0.0900462402968886,1.061306818062128
year,2007.0,z1,586,0.3537079250260304,2.0449066211752216
year,2007.0,z2,595,-0.181989514250897,2.415697341045479
year,2007.0,z3,581,-0.2023508591574213,0.9573551840830368
year,2007.0,z4,599,-0.1751177136734513,1.0326524823751766
year,2007.0,z6,574,1.1046692734229528,2.1278652052922564
year,2007.0,z8,450,-0.0515013398091824,1.0268551344044918
year,2007.0,z57,596,0.0899016244767271,1.0306919816016842
year,2008.0,z1,599,0.4280195819392688,2.1282383953152846
year,2008.0,z2,603,-0.1646178484235254,2.349037389314378
year,2008.0,z3,594,-0.1117041125362922,0.9614198701282436
year,2008.0,z4,606,-0.2365233047409695,1.0231640454124316
year,2008.0,z6,599,1.106499517401292,2.175847445984908
year,2008.0,z8,468,-0.1130204222479204,1.036196718811874
year,2008.0,z57,602,0.1580758215216428,1.147249717444079
year,2009.0,z1,567,0.3020526388810881,1.9013659084843395
year,2009.0,z2,574,-0.1245493994824182,2.4044814085307964
year,2009.0,z3,564,-0.3274259689883614,0.9822509446499682
year,2009.0,z4,576,-0.2388668102166939,1.0162767307696243
year,2009.0,z6,563,1.0226660758777086,2.119052535642372
year,2009.0,z8,452,-0.2786428016952454,1.0034758383636913
year,2009.0,z57,576,0.0632405675482278,0.998587587096607
year,2010.0,z1,600,0.3477362636298347,1.9404951019767305
year,2010.0,z2,604,0.336751998171713,2.359218239974118
year,2010.0,z3,595,-0.1475241671962911,0.9950731713037876
year,2010.0,z4,605,-0.2441974471529153,1.0505199076020375
year,2010.0,z6,595,1.1133134479997613,2.2189709533988573
year,2010.0,z8,445,-0.0205446094850213,1.0184230166632986
year,2010.0,z57,604,0.1561179019490439,1.0352680383315804
year,2011.0,z1,588,0.2846825172811451,1.8035466552319348
year,2011.0,z2,589,0.5569046320246464,2.1641969485464125
year,2011.0,z3,584,-0.0917937203044147,1.0051672516700076
year,2011.0,z4,589,-0.2063325349611819,1.04149787699888
year,2011.0,z6,584,1.3626490589544151,2.2928619027039736
year,2011.0,z8,444,0.0465788013406376,0.9723524395142744
year,2011.0,z57,589,0.186328901018601,1.042543399793297
year,2012.0,z1,588,0.3109928433876976,1.8336216786263249
year,2012.0,z2,588,0.4968831873316101,2.318291678128327
year,2012.0,z3,582,-0.0846647636297533,1.0103077409436674
year,2012.0,z4,590,-0.2194366779153695,1.0616314389883974
year,2012.0,z6,583,1.103016879293775,2.20014215399861
year,2012.0,z8,447,-0.0821423861137493,0.9625665834678198
year,2012.0,z57,589,0.2252943109702119,0.991411427913274
year,2013.0,z1,577,0.3671996280457311,1.7853473463855367
year,2013.0,z2,579,0.3757828074979267,2.353267888236602
year,2013.0,z3,574,-0.0374310487420807,1.001150908505804
year,2013.0,z4,579,-0.2643210261636388,1.0365983097770797
year,2013.0,z6,576,1.309594033303396,2.215234652481321
year,2013.0,z8,456,-0.0646275278851421,1.0178808734973546
year,2013.0,z57,579,0.1405890251340736,0.9635314782606088
year,2014.0,z1,585,0.3508345465645625,1.7189565571300405
year,2014.0,z2,589,0.3586521702558736,2.2538118034758945
year,2014.0,z3,579,-0.0257957107923794,0.9662644556946618
year,2014.0,z4,589,-0.2688538939157111,1.011020186165118
year,2014.0,z6,582,1.2412040362707897,2.1849773001406585
year,2014.0,z8,451,-0.0561058420474493,1.0261413647834592
year,2014.0,z57,588,0.1590634176204914,0.9866679358496584
year,2015.0,z1,595,0.2160053540882548,1.616464230751735
year,2015.0,z2,595,0.398819986369843,2.3188786692863834
year,2015.0,z3,588,-0.053682252225262,0.9734717516042164
year,2015.0,z4,595,-0.3049190004474321,1.0498675972633358
year,2015.0,z6,589,1.0794162628994448,2.1260731336354883
year,2015.0,z8,465,0.0202759977456669,1.0104560676502574
year,2015.0,z57,595,0.1573934891515777,1.179843073312768
year,2016.0,z1,593,0.3592041631357913,1.9169351284181355
year,2016.0,z2,593,0.2442013788979604,2.282092061977976
year,2016.0,z3,583,-0.0192721058154419,0.9426828944344594
year,2016.0,z4,593,-0.2997446301041163,1.024947142443514
year,2016.0,z6,586,1.098914446363489,2.21588447885806
year,2016.0,z8,471,0.0265100226632318,1.0394008255429947
year,2016.0,z57,593,0.1041291999096806,0.9815085638835728
year,2017.0,z1,592,0.3464256007565616,1.8595824561853136
year,2017.0,z2,594,0.2444228230472333,2.233350125293245
year,2017.0,z3,586,0.0347870777372993,0.9620217086848776
year,2017.0,z4,594,-0.2809973493169154,1.048988598841371
year,2017.0,z6,586,1.023853828630676,2.1903164989808457
year,2017.0,z8,476,0.0334327656900175,0.9377003073363523
year,2017.0,z57,594,0.1460909617801128,0.9730773061646384
year,2018.0,z1,603,0.3681807137355632,1.895674595267287
year,2018.0,z2,607,0.1998748948075805,2.234876824065024
year,2018.0,z3,598,-0.0077722577752105,0.953106323231746
year,2018.0,z4,607,-0.3031186996747954,1.0143402912319657
year,2018.0,z6,597,1.0083483382555083,2.1468424851687384
year,2018.0,z8,483,0.1587580611084075,0.9991648822206248
year,2018.0,z57,607,0.1419605394774348,0.960472821509492
year,2019.0,z1,636,0.461686390107372,1.8359611443791264
year,2019.0,z2,637,0.1371092105502906,2.110789406809781
year,2019.0,z3,630,-0.0050115345454532,1.010443608288083
year,2019.0,z4,637,-0.2937245860713094,1.0159670306314594
year,2019.0,z6,628,1.345347702859575,2.3769624203941357
year,2019.0,z8,510,0.0643543393353815,1.0519068039907609
year,2019.0,z57,637,0.2516341195622449,1.105321992668311
year,2020.0,z1,659,0.3293485303117472,1.7316651140157169
year,2020.0,z2,659,0.3401937468882523,2.1180828351634022
year,2020.0,z3,651,-0.04973298549162,1.0157766455554604
year,2020.0,z4,659,-0.2844120332136971,1.0109985709195128
year,2020.0,z6,647,1.027931472339923,2.1895702580872407
year,2020.0,z8,550,-0.2844665818950475,1.1066599906553605
year,2020.0,z57,659,0.2316081213941488,0.9257365006686468
year,2021.0,z1,691,0.2307066044751024,1.7491613669629618
year,2021.0,z2,691,0.7303991013112349,2.210758746896237
year,2021.0,z3,676,-0.0892333941785325,1.0343228107939753
year,2021.0,z4,691,-0.2527619025851731,1.0345770524419835
year,2021.0,z6,673,1.120773813892609,2.249539129611071
year,2021.0,z8,582,-0.1200230253461493,0.9566903774588384
year,2021.0,z57,691,0.2336169903060099,1.0923770754773454
year,2022.0,z1,719,0.1046937440813143,1.6580832498691234
year,2022.0,z2,719,0.7451384478854082,2.307693219873924
year,2022.0,z3,712,0.091171248871415,0.9891679574028714
year,2022.0,z4,719,-0.2455379483595039,1.0287119612897868
year,2022.0,z6,708,1.0366234242412984,2.293604857615545
year,2022.0,z8,633,0.333642860871645,0.973018782715201
year,2022.0,z57,719,0.2050866735317107,1.003223678260336
year,2023.0,z1,692,0.2623557211967787,1.7890355051603335
year,2023.0,z2,692,0.0431009257938584,2.260899986565377
year,2023.0,z3,675,0.0796799517547987,0.9420816520526204
year,2023.0,z4,692,-0.2640657040039486,1.0018025403419957
year,2023.0,z6,665,1.1900311580305682,2.2666553713844846
year,2023.0,z8,596,0.2913112661834814,0.9261061794096404
year,2023.0,z57,692,0.1967037026764798,1.0378886062465098
year,2024.0,z1,709,0.3935564142385377,1.8943632122575291
year,2024.0,z2,710,0.0828691461210501,2.152627527657373
year,2024.0,z3,700,0.1311126347707705,0.9432032341606584
year,2024.0,z4,710,-0.2656685274848702,0.9934989164712557
year,2024.0,z6,688,0.9405400757107052,2.150755560043317
year,2024.0,z8,617,0.0664591469198106,0.9833085804932412
year,2024.0,z57,708,-0.5793849410552544,1.0899088260797796
year,2025.0,z1,491,0.350360807120912,1.8462102388662127
year,2025.0,z2,491,0.1727670849232108,2.1829263707555437
year,2025.0,z3,491,0.1634563937236492,0.7546955086284479
year,2025.0,z4,491,-0.2230069394155069,0.9873220855104476
year,2025.0,z6,478,0.1867449361929588,1.7507719489640867
year,2025.0,z8,442,-0.1405717467048459,0.8010208662319578
year,2025.0,z57,491,-0.6519176292425405,1.1125509048051418
year,2026.0,z1,152,0.189345459751844,1.8170137958898047
year,2026.0,z2,152,0.3151077198210121,1.9500241865401653
year,2026.0,z3,148,0.4218491392529114,1.19210585637812
year,2026.0,z4,152,-0.2647636726078921,0.9966343130712026
year,2026.0,z6,89,0.5451370131427146,1.4808864207776802
year,2026.0,z8,142,-0.2487287446089601,0.8351344683114797
year,2026.0,z57,152,-1.292609196436865,0.923230924692731
sector,Communication Services,z1,280,0.2397670683099679,1.6708615831271008
sector,Communication Services,z2,281,-0.1116383574519955,2.154730068571642
sector,Communication Services,z3,280,-0.0814762519688666,0.9914233538117032
sector,Communication Services,z4,282,-0.1393530089743687,0.8344870302294936
sector,Communication Services,z6,266,1.0165928584003616,2.377585351892361
sector,Communication Services,z8,226,0.0572892841328751,1.178872505427104
sector,Communication Services,z57,280,0.3127601614477309,1.0690723547964764
sector,Consumer Discretionary,z1,1685,0.3753046871728063,1.856263839055315
sector,Consumer Discretionary,z2,1694,0.2431922012442409,2.267198921691923
sector,Consumer Discretionary,z3,1675,-0.0864915552374786,0.9727230315811044
sector,Consumer Discretionary,z4,1691,-0.2832266971003322,1.0080992273686027
sector,Consumer Discretionary,z6,1569,1.1559846999286147,2.195237838176724
sector,Consumer Discretionary,z8,1367,-0.0685221582117067,0.9631138482195998
sector,Consumer Discretionary,z57,1689,-0.063877662041581,1.1296384645233728
sector,Consumer Staples,z1,1546,0.3457361273613757,1.778277230264543
sector,Consumer Staples,z2,1551,-0.0802730126325549,2.550948596211114
sector,Consumer Staples,z3,1538,-0.0362663663037416,0.960566691007146
sector,Consumer Staples,z4,1547,-0.2645861036993413,1.1751072822835134
sector,Consumer Staples,z6,1452,1.2641731018990336,2.278141207281999
sector,Consumer Staples,z8,1222,-0.1060675355111895,0.9570608133815082
sector,Consumer Staples,z57,1544,0.1537298581010611,1.0926332481772922
sector,Energy,z1,476,-0.177910563441539,1.6015173760831125
sector,Energy,z2,480,-0.322001654659576,1.984959974897175
sector,Energy,z3,475,-0.0137146482035099,1.0191490793351152
sector,Energy,z4,481,0.2573352400814117,0.6473401558090808
sector,Energy,z6,450,1.2103294669989186,2.232559489564631
sector,Energy,z8,397,-0.009528882026186,0.9613337582105372
sector,Energy,z57,481,0.1076665001970504,1.0275397071438377
sector,Financials,z1,210,0.8833519498647828,2.3646246162868496
sector,Financials,z2,212,-0.3633839647223049,2.3392395718622296
sector,Financials,z3,175,0.1152384669180325,1.0563021849069716
sector,Financials,z4,211,-0.222935149972962,0.8402576631195801
sector,Financials,z6,194,1.153000760790195,2.2021178535164534
sector,Financials,z8,133,-0.0797255881204473,1.023522861654309
sector,Financials,z57,207,0.229472288815358,1.1413018669308288
sector,Health Care,z1,393,0.2358934054710356,1.752347823145744
sector,Health Care,z2,395,0.3584137373916554,2.411934163673596
sector,Health Care,z3,393,0.0036714442230498,0.9448215827269156
sector,Health Care,z4,397,-0.5364839630099505,0.8089294971427228
sector,Health Care,z6,376,1.2470746128945387,2.3684316472086056
sector,Health Care,z8,335,0.0508023740315629,1.0086509924664948
sector,Health Care,z57,394,0.1969260958737918,1.155414650687988
sector,Industrials,z1,3698,0.3998749358574328,1.9521089540124952
sector,Industrials,z2,3722,0.2465153457942773,2.216528259175353
sector,Industrials,z3,3672,0.008071330884336,1.0096297102565042
sector,Industrials,z4,3721,-0.1960404202630289,0.98745583256119
sector,Industrials,z6,3449,1.1422309157486827,2.247691198093138
sector,Industrials,z8,3059,0.0462619541389569,0.9904972578124808
sector,Industrials,z57,3714,-0.0439391606457126,1.0889148815727263
sector,Information Technology,z1,1449,0.030826516271366,1.6944674971757152
sector,Information Technology,z2,1463,0.5166466490847778,2.310358417060491
sector,Information Technology,z3,1445,-0.1337625074492421,1.117782468395519
sector,Information Technology,z4,1463,-0.2551343319355574,0.9792031427740924
sector,Information Technology,z6,1365,1.0933779009402498,2.255635260641534
sector,Information Technology,z8,1065,-0.0275126921491817,1.0208770451660945
sector,Information Technology,z57,1458,-0.0781748598003355,1.0705460484960796
sector,Materials,z1,1755,0.5467105373543376,2.0028269437076007
sector,Materials,z2,1759,0.3230286862445607,2.16140260709562
sector,Materials,z3,1751,-0.0034147069804254,0.935617091291054
sector,Materials,z4,1756,-0.118783575773263,1.1906494899532436
sector,Materials,z6,1634,1.3225571152168714,2.309902442258762
sector,Materials,z8,1407,-0.0306212163286536,0.9943901222996036
sector,Materials,z57,1756,0.084345060918623,1.0729664794801814
sector,Real Estate,z1,1257,0.393925889177987,2.008267288140075
sector,Real Estate,z2,1260,0.2116307760019323,2.324337115847227
sector,Real Estate,z3,1195,0.3186939287567087,0.9810594566242103
sector,Real Estate,z4,1263,-0.4740836899429613,0.9544093838378404
sector,Real Estate,z6,1209,0.9666958083629388,2.104079001475676
sector,Real Estate,z8,1038,0.163040101422631,1.059892155266942
sector,Real Estate,z57,1259,-0.0133962971081441,1.0796455954085729
sector,Unknown,z1,63,1.0418612798680609,1.970648553057936
sector,Unknown,z2,65,0.5552123470037054,2.3803386809839453
sector,Unknown,z3,61,-0.0218261037106225,0.6568758476380716
sector,Unknown,z4,65,-0.4720810219719199,0.4763269276337795
sector,Unknown,z6,58,-0.1642540407452409,2.324177830333648
sector,Unknown,z8,47,-0.1005530002323194,0.7142545010869097
sector,Unknown,z57,65,0.2418004142567843,0.941836434129246
sector,Utilities,z1,191,0.2724532156090575,1.6043440885746287
sector,Utilities,z2,191,-1.0315091968773369,2.4035926808597927
sector,Utilities,z3,191,0.0234933414494641,0.8484453292990877
sector,Utilities,z4,191,-0.558816731564653,1.1225090940429758
sector,Utilities,z6,179,0.8359257460132511,2.077701819321912
sector,Utilities,z8,159,-0.1253928421638779,1.0725023215901512
sector,Utilities,z57,191,0.2046738576446066,1.2088619649365582
